id,directed_by/0,initial_release_date,name,genre/0,genre/1,genre/2,genre/3,genre/4,directed_by/1,genre/5,genre/6,genre/7,genre/8,genre/9,genre/10,directed_by/2,directed_by/3,directed_by/4,directed_by/5,directed_by/6,genre/11
/en/boa_vs_python,David Flores,2004-05-24,Boa vs. Python,Horror,Natural horror film,Monster,Science Fiction,Creature Film,,,,,,,,,,,,,
/en/bobby,Emilio Estevez,2006-09-05,Bobby,Political drama,Historical period drama,History,Drama,,,,,,,,,,,,,,
/en/boiler_room,Ben Younger,2000-01-30,Boiler Room,Crime Fiction,Drama,,,,,,,,,,,,,,,,
/en/bolletjes_blues,Brigit Hillenius,2006-03-23,Bolletjes Blues,Musical,,,,,Karin Junger,,,,,,,,,,,,
/en/bollywood_hollywood,Deepa Mehta,2002-10-25,Bollywood/Hollywood,Bollywood,Musical,Romance Film,Romantic comedy,Musical comedy,,Comedy,,,,,,,,,,,
/en/bomb_the_system,Adam Bhala Lough,,Bomb the System,Crime Fiction,Indie film,Coming of age,Drama,,,,,,,,,,,,,,
/en/bommarillu,Bhaskar,2006-08-09,Bommarillu,Musical,Romance Film,Drama,Musical Drama,Tollywood,,World cinema,,,,,,,,,,,
/en/bon_cop_bad_cop,Eric Canuel,,"Bon Cop, Bad Cop",Crime Fiction,Buddy film,Action Film,Action/Adventure,Thriller,,Comedy,,,,,,,,,,,
/en/bones_2001,Ernest R. Dickerson,2001-10-26,Bones,Horror,Blaxploitation film,Action Film,,,,,,,,,,,,,,,
/en/bonjour_monsieur_shlomi,Shemi Zarhin,2003-04-03,Bonjour Monsieur Shlomi,World cinema,Family Drama,Comedy-drama,Coming of age,Family,,Comedy,Drama,,,,,,,,,,
/en/boogeyman,Stephen T. Kay,2005-02-04,Boogeyman,Horror,Supernatural,Teen film,Thriller,Mystery,,Drama,,,,,,,,,,,
/en/boogiepop_and_others_2000,Ryu Kaneda,2000-03-11,Boogiepop and Others,Animation,Fantasy,Anime,Thriller,Japanese Movies,,,,,,,,,,,,,
/en/book_of_love_2004,Alan Brown,2004-01-18,Book of Love,Indie film,Romance Film,Comedy,Drama,,,,,,,,,,,,,,
/en/book_of_shadows_blair_witch_2,Joe Berlinger,2000-10-27,Book of Shadows: Blair Witch 2,Horror,Supernatural,Mystery,Psychological thriller,Slasher,,Thriller,Ensemble Film,Crime Fiction,,,,,,,,,
/en/boomer,Pyotr Buslov,2003-08-02,Bimmer,Crime Fiction,Drama,,,,,,,,,,,,,,,,
/wikipedia/de_id/1782985,Larry Charles,2006-08-04,Borat: Cultural Learnings of America for Make Benefit Glorious Nation of Kazakhstan,Comedy,,,,,,,,,,,,,,,,,
/en/born_into_brothels_calcuttas_red_light_kids,Zana Briski,2004-01-17,Born into Brothels: Calcutta's Red Light Kids,Documentary film,,,,,Ross Kauffman,,,,,,,,,,,,
/en/free_radicals,Barbara Albert,,Free Radicals,World cinema,Romance Film,Art film,Drama,,,,,,,,,,,,,,
/en/boss_2006,V.N. Aditya,2006-09-27,Boss,Musical,Romance Film,Drama,Musical Drama,Tollywood,,World cinema,,,,,,,,,,,
/en/bossn_up,Dylan C. Brown,2005-06-01,Boss'n Up,Musical,Indie film,Crime Fiction,Musical Drama,Drama,,,,,,,,,,,,,
/en/bossa_nova_2000,Bruno Barreto,2000-02-18,Bossa Nova,Romance Film,Comedy,Drama,,,,,,,,,,,,,,,
/en/bosta,Philippe Aractingi,,Bosta,Musical,,,,,,,,,,,,,,,,,
/en/bowling_for_columbine,Michael Moore,2002-05-15,Bowling for Columbine,Indie film,Documentary film,Political cinema,Historical Documentaries,,,,,,,,,,,,,,
/en/bowling_fun_and_fundamentals_for_boys_and_girls,,,Bowling Fun And Fundamentals For Boys And Girls,Documentary film,Sports,,,,,,,,,,,,,,,,
/en/boy_eats_girl,Stephen Bradley,2005-04-06,Boy Eats Girl,Indie film,Horror,Teen film,Creature Film,Zombie Film,,Horror comedy,Comedy,,,,,,,,,,
/en/boynton_beach_club,Susan Seidelman,2006-08-04,Boynton Beach Club,Romantic comedy,Indie film,Romance Film,Comedy-drama,Slice of life,,Ensemble Film,Comedy,,,,,,,,,,
/en/boys_2003,S. Shankar,2003-08-29,Boys,Musical,Romance Film,Comedy,Tamil cinema,World cinema,,Drama,Musical comedy,Musical Drama,,,,,,,,,
/en/brain_blockers,Lincoln Kupchak,2007-03-15,Brain Blockers,Horror,Zombie Film,Horror comedy,Comedy,,,,,,,,,,,,,,
/en/breakin_all_the_rules,Daniel Taplitz,2004-05-14,Breakin' All the Rules,Romance Film,Romantic comedy,Comedy of Errors,Comedy,,,,,,,,,,,,,,
/en/breaking_and_entering,Anthony Minghella,2006-09-13,Breaking and Entering,Romance Film,Crime Fiction,Drama,,,,,,,,,,,,,,,
/en/brick_2006,Rian Johnson,2006-04-07,Brick,Film noir,Indie film,Teen film,Neo-noir,Mystery,,Crime Thriller,Crime Fiction,Thriller,Detective fiction,Drama,,,,,,,
/en/bride_and_prejudice,Gurinder Chadha,2004-10-06,Bride and Prejudice,Musical,Romantic comedy,Romance Film,Film adaptation,Comedy of manners,,Musical Drama,Musical comedy,Comedy,Drama,,,,,,,,
/en/bridget_jones_the_edge_of_reason,Beeban Kidron,2004-11-08,Bridget Jones: The Edge of Reason,Romantic comedy,Romance Film,Comedy,,,,,,,,,,,,,,,
/en/bridget_joness_diary_2001,Sharon Maguire,2001-04-04,Bridget Jones's Diary,Romantic comedy,Film adaptation,Romance Film,Comedy of manners,Comedy,,Drama,,,,,,,,,,,
/en/brigham_city_2001,Richard Dutcher,,Brigham City,Mystery,Indie film,Crime Fiction,Thriller,Crime Thriller,,Drama,,,,,,,,,,,
/en/bright_young_things,Stephen Fry,2003-10-03,Bright Young Things,Indie film,War film,Comedy-drama,Historical period drama,Comedy of manners,,Comedy,Drama,,,,,,,,,,
/wikipedia/en_title/Brilliant_$0028film$0029,Roger Cardinal,2004-02-15,Brilliant,Thriller,,,,,,,,,,,,,,,,,
/en/bring_it_on,Peyton Reed,2000-08-22,Bring It On,Comedy,Sports,,,,,,,,,,,,,,,,
/en/bring_it_on_again,Damon Santostefano,2004-01-13,Bring It On Again,Teen film,Sports,Comedy,,,,,,,,,,,,,,,
/en/bring_it_on_all_or_nothing,Steve Rash,2006-08-08,Bring It On: All or Nothing,Teen film,Sports,Comedy,,,,,,,,,,,,,,,
/en/bringing_down_the_house,Adam Shankman,2003-03-07,Bringing Down the House,Romantic comedy,Screwball comedy,Comedy of Errors,Crime Comedy,Comedy,,,,,,,,,,,,,
/en/broadway_the_golden_age,Rick McKay,2004-06-11,Broadway: The Golden Age,Documentary film,Biographical film,,,,,,,,,,,,,,,,
/en/brokeback_mountain,Ang Lee,2005-09-02,Brokeback Mountain,Romance Film,Epic film,Drama,,,,,,,,,,,,,,,
/en/broken_allegiance,Nick Hallam,,Broken Allegiance,Indie film,Short Film,Fan film,,,,,,,,,,,,,,,
/en/broken_flowers,Jim Jarmusch,2005-08-05,Broken Flowers,Mystery,Road movie,Comedy,Drama,,,,,,,,,,,,,,
/en/the_broken_hearts_club_a_romantic_comedy,Greg Berlanti,2000-01-29,The Broken Hearts Club: A Romantic Comedy,Romance Film,LGBT,Romantic comedy,Gay Themed,Indie film,,Comedy-drama,Gay,Gay Interest,Ensemble Film,Comedy,Drama,,,,,,
/en/brooklyn_lobster,Kevin Jordan,2005-09-09,Brooklyn Lobster,Indie film,Family Drama,Comedy-drama,Comedy,Drama,,,,,,,,,,,,,
/en/brother,Takeshi Kitano,,Brother,Thriller,Crime Fiction,,,,,,,,,,,,,,,,
/en/brother_bear,Aaron Blaise,2003-10-20,Brother Bear,Family,Fantasy,Animation,Adventure Film,,Robert A. Walker,,,,,,,,,,,,
/en/brother_bear_2,Ben Gluck,2006-08-29,Brother Bear 2,Family,Animated cartoon,Fantasy,Adventure Film,Animation,,,,,,,,,,,,,
/en/brother_2,Aleksei Balabanov,2000-05-11,Brother 2,Crime Fiction,Thriller,Action Film,,,,,,,,,,,,,,,
/en/brotherhood_of_blood,Michael Roesch,,Brotherhood of Blood,Horror,Cult film,Creature Film,,,Peter Scheerer,,,,,,,Sid Haig,,,,,
/en/brotherhood_of_the_wolf,Christophe Gans,2001-01-31,Brotherhood of the Wolf,Martial Arts Film,Adventure Film,Mystery,Science Fiction,Historical fiction,,Thriller,Action Film,,,,,,,,,,
/en/brothers_of_the_head,Keith Fulton,2005-09-10,Brothers of the Head,Indie film,Musical,Film adaptation,Music,Mockumentary,Louis Pepe,Comedy-drama,Historical period drama,Musical Drama,Drama,,,,,,,,
/en/brown_sugar_2002,Rick Famuyiwa,2002-10-05,Brown Sugar,Musical,Romantic comedy,Coming of age,Romance Film,Musical Drama,,Musical comedy,Comedy,Drama,,,,,,,,,
/en/bruce_almighty,Tom Shadyac,2003-05-23,Bruce Almighty,Comedy,Fantasy,Drama,,,,,,,,,,,,,,,
/en/bubba_ho-tep,Don Coscarelli,2002-06-09,Bubba Ho-Tep,Horror,Parody,Comedy,Mystery,Drama,,,,,,,,,,,,,
/en/bubble,Steven Soderbergh,2005-09-03,Bubble,Crime Fiction,Mystery,Indie film,Thriller,Drama,,,,,,,,,,,,,
/en/bubble_boy,Blair Hayes,2001-08-23,Bubble Boy,Romance Film,Teen film,Romantic comedy,Adventure Film,Comedy,,Drama,,,,,,,,,,,
/en/buddy_boy,Mark Hanlon,2000-03-24,Buddy Boy,Psychological thriller,Thriller,Indie film,Erotic thriller,,,,,,,,,,,,,,
/en/buffalo_dreams,David Jackson,2005-03-11,Buffalo Dreams,Western,Teen film,Drama,,,,,,,,,,,,,,,
/en/buffalo_soldiers,Gregor Jordan,2001-09-08,Buffalo Soldiers,War film,Crime Fiction,Comedy,Thriller,Satire,,Indie film,Drama,,,,,,,,,,
/en/bug_2006,William Friedkin,2006-05-19,Bug,Thriller,Horror,Indie film,Drama,,,,,,,,,,,,,,
/en/bulletproof_monk,Paul Hunter,2003-04-16,Bulletproof Monk,Martial Arts Film,Fantasy,Action Film,Buddy film,Thriller,,Action/Adventure,Action Comedy,Comedy,,,,,,,,,
/en/bully_2001,Larry Clark,2001-06-15,Bully,Teen film,Crime Fiction,Thriller,Drama,,,,,,,,,,,,,,
/en/bunny_2005,V. V. Vinayak,2005-04-06,Bunny,Musical,Romance Film,World cinema,Tollywood,Musical Drama,,Drama,,,,,,,,,,,
/en/bunshinsaba,Ahn Byeong-ki,2004-05-14,Bunshinsaba,Horror,World cinema,East Asian cinema,,,,,,,,,,,,,,,
/en/bunty_aur_babli,Shaad Ali,2005-05-27,Bunty Aur Babli,Romance Film,Musical,World cinema,Musical comedy,Comedy,,Adventure Film,Crime Fiction,,,,,,,,,,
/en/onibus_174,José Padilha,2002-10-22,Bus 174,Documentary film,True crime,,,,,,,,,,,,,,,,
/en/bus_conductor,V. M. Vinu,2005-12-23,Bus Conductor,Comedy,Action Film,Malayalam Cinema,World cinema,Drama,,,,,,,,,,,,,
/m/0bvs38,Michael Votto,,Busted Shoes and Broken Hearts: A Film About Lowlight,Indie film,Documentary film,,,,,,,,,,,,,,,,
/en/butterfly_2004,Yan Yan Mak,2004-09-04,Butterfly,LGBT,Chinese Movies,Drama,,,,,,,,,,,,,,,
/en/butterfly_on_a_wheel,Mike Barker,2007-02-10,Butterfly on a Wheel,Thriller,Crime Thriller,Crime Fiction,Psychological thriller,Drama,,,,,,,,,,,,,
/en/c_i_d_moosa,Johny Antony,2003-07-04,C.I.D.Moosa,Action Film,Comedy,Malayalam Cinema,World cinema,,,,,,,,,,,,,,
/en/c_r_a_z_y,Jean-Marc Vallée,2005-05-27,C.R.A.Z.Y.,LGBT,Indie film,Comedy-drama,Gay,Gay Interest,,Gay Themed,Historical period drama,Coming of age,Drama,,,,,,,,
/en/c_s_a_the_confederate_states_of_america,Kevin Willmott,,C.S.A.: The Confederate States of America,Mockumentary,Satire,Black comedy,Parody,Indie film,,Political cinema,Comedy,Drama,,,,,,,,,
/en/cabaret_paradis,Corinne Benizio,2006-04-12,Cabaret Paradis,Comedy,,,,,Gilles Benizio,,,,,,,,,,,,
/wikipedia/it_id/335645,Michael Haneke,2005-05-14,Caché,Thriller,Mystery,Psychological thriller,Drama,,,,,,,,,,,,,,
/en/cactuses,Matt Hannon,2006-03-15,Cactuses,Drama,,,,,Rick Rapoza,,,,,,,,,,,,
/en/cadet_kelly,Larry Shaw,2002-03-08,Cadet Kelly,Teen film,Coming of age,Family,Comedy,,,,,,,,,,,,,,
/en/caffeine_2006,John Cosgrove,,Caffeine,Romantic comedy,Romance Film,Indie film,Ensemble Film,Workplace Comedy,,Comedy,,,,,,,,,,,
/wikipedia/es_id/1062610,Nisha Ganatra,,Cake,Romantic comedy,Short Film,Romance Film,Comedy,Drama,Jennifer Arzt,,,,,,,,,,,,
/en/calcutta_mail,Sudhir Mishra,2003-06-30,Calcutta Mail,Thriller,Bollywood,World cinema,,,,,,,,,,,,,,,
/en/can_you_hack_it,Sam Bozzo,,Hackers Wanted,Indie film,Documentary film,,,,,,,,,,,,,,,,
/en/candy_2006,Neil Armfield,2006-04-27,Candy,Romance Film,Indie film,World cinema,Drama,,,,,,,,,,,,,,
/en/caotica_ana,Julio Medem,2007-08-24,Caótica Ana,Romance Film,Mystery,Drama,,,,,,,,,,,,,,,
/en/capote,Bennett Miller,2005-09-02,Capote,Crime Fiction,Biographical film,Drama,,,,,,,,,,,,,,,
/en/capturing_the_friedmans,Andrew Jarecki,2003-01-17,Capturing the Friedmans,Documentary film,Mystery,Biographical film,,,,,,,,,,,,,,,
/en/care_bears_journey_to_joke_a_lot,Mike Fallows,2004-10-05,Care Bears: Journey to Joke-a-lot,Musical,Computer Animation,Animation,Children's Fantasy,Children's/Family,,Musical comedy,Comedy,Family,,,,,,,,,
/en/cargo_2006,Clive Gordon,2006-01-24,Cargo,Thriller,Psychological thriller,Indie film,Adventure Film,Drama,,,,,,,,,,,,,
/en/cars,John Lasseter,2006-03-14,Cars,Animation,Family,Adventure Film,Sports,Comedy,Joe Ranft,,,,,,,,,,,,
/en/casanova,Lasse Hallström,2005-09-03,Casanova,Romance Film,Romantic comedy,Costume drama,Adventure Film,Historical period drama,,Swashbuckler film,Comedy,Drama,,,,,,,,,
/en/case_of_evil,Graham Theakston,2002-10-25,Sherlock: Case of Evil,Mystery,Action Film,Adventure Film,Thriller,Crime Fiction,,Drama,,,,,,,,,,,
/en/cast_away,Robert Zemeckis,2000-12-07,Cast Away,Airplanes and airports,Adventure Film,Action/Adventure,Drama,,,,,,,,,,,,,,
/en/castlevania_2007,Paul W. S. Anderson,,Castlevania,Action Film,Horror,,,,Sylvain White,,,,,,,,,,,,
/en/catch_me_if_you_can,Steven Spielberg,2002-12-16,Catch Me If You Can,Crime Fiction,Comedy,Biographical film,Drama,,,,,,,,,,,,,,
/en/catch_that_kid,Bart Freundlich,2004-02-06,Catch That Kid,Teen film,Adventure Film,Crime Fiction,Family,Caper story,,Children's/Family,Crime Comedy,Family-Oriented Adventure,Comedy,,,,,,,,
/en/caterina_in_the_big_city,Paolo Virzì,2003-10-24,Caterina in the Big City,Comedy,Drama,,,,,,,,,,,,,,,,
/en/cats_dogs,Lawrence Guterman,2001-07-04,Cats &amp; Dogs,Adventure Film,Family,Action Film,Children's/Family,Fantasy Adventure,,Fantasy Comedy,Comedy,,,,,,,,,,
/en/catwoman_2004,Pitof,2004-07-19,Catwoman,Action Film,Crime Fiction,Fantasy,Action/Adventure,Thriller,,Superhero movie,,,,,,,,,,,
/en/caved_in_prehistoric_terror,Richard Pepin,2006-01-07,Caved In: Prehistoric Terror,Science Fiction,Horror,Natural horror film,Monster,Fantasy,,Television film,Creature Film,Sci-Fi Horror,,,,,,,,,
/en/cellular,David R. Ellis,2004-09-10,Cellular,Thriller,Action Film,Crime Thriller,Action/Adventure,,,,,,,,,,,,,,
/en/center_stage,Nicholas Hytner,2000-05-12,Center Stage,Teen film,Dance film,Musical,Musical Drama,Ensemble Film,,Drama,,,,,,,,,,,
/en/chai_lai,Poj Arnon,2006-01-26,Chai Lai,Action Film,Martial Arts Film,Comedy,,,,,,,,,,,,,,,
/en/chain_2004,Jem Cohen,,Chain,Documentary film,,,,,,,,,,,,,,,,,
/en/chakram_2005,Krishna Vamsi,2005-03-25,Chakram,Romance Film,Drama,Tollywood,World cinema,,,,,,,,,,,,,,
/en/challenger_2007,Philip Kaufman,,Challenger,Drama,,,,,,,,,,,,,,,,,
/en/chalo_ishq_ladaaye,Aziz Sejawal,2002-12-27,Chalo Ishq Ladaaye,Romance Film,Comedy,Bollywood,World cinema,,,,,,,,,,,,,,
/en/chalte_chalte,Aziz Mirza,2003-06-12,Chalte Chalte,Romance Film,Musical,Bollywood,Drama,Musical Drama,,,,,,,,,,,,,
/en/chameli,Sudhir Mishra,2003-12-31,Chameli,Romance Film,Bollywood,World cinema,Drama,,Anant Balani,,,,,,,,,,,,
/en/chandni_bar,Madhur Bhandarkar,2001-09-28,Chandni Bar,Crime Fiction,Bollywood,World cinema,Drama,,,,,,,,,,,,,,
/en/chandramukhi,P. Vasu,2005-04-13,Chandramukhi,Horror,World cinema,Musical,Horror comedy,Musical comedy,,Comedy,Fantasy,Romance Film,,,,,,,,,
/en/changing_lanes,Roger Michell,2002-04-07,Changing Lanes,Thriller,Psychological thriller,Melodrama,Drama,,,,,,,,,,,,,,
/en/chaos_2007,Tony Giglio,2005-12-15,Chaos,Thriller,Action Film,Crime Fiction,Heist film,Action/Adventure,,Drama,,,,,,,,,,,
/en/chaos_2005,David DeFalco,2005-08-10,Chaos,Horror,Teen film,B movie,Slasher,,,,,,,,,,,,,,
/en/chaos_and_creation_at_abbey_road,Simon Hilton,2006-01-27,Chaos and Creation at Abbey Road,Musical,,,,,,,,,,,,,,,,,
/en/chaos_theory_2007,Marcos Siega,,Chaos Theory,Romance Film,Romantic comedy,Comedy-drama,Comedy,Drama,,,,,,,,,,,,,
/en/chapter_27,Jarrett Schaefer,2007-01-25,Chapter 27,Indie film,Crime Fiction,Biographical film,Drama,,,,,,,,,,,,,,
/en/charlie_and_the_chocolate_factory_2005,Tim Burton,2005-07-10,Charlie and the Chocolate Factory,Fantasy,Remake,Adventure Film,Family,Children's Fantasy,,Children's/Family,Comedy,,,,,,,,,,
/en/charlies_angels,Joseph McGinty Nichol,2000-10-22,Charlie's Angels,Action Film,Crime Fiction,Comedy,Adventure Film,Thriller,,,,,,,,,,,,,
/en/charlies_angels_full_throttle,Joseph McGinty Nichol,2003-06-18,Charlie's Angels: Full Throttle,Martial Arts Film,Action Film,Adventure Film,Crime Fiction,Action/Adventure,,Action Comedy,Comedy,,,,,,,,,,
/en/charlotte_gray,Gillian Armstrong,2001-12-17,Charlotte Gray,Romance Film,War film,Political drama,Historical period drama,Film adaptation,,Drama,,,,,,,,,,,
/en/charlottes_web,Gary Winick,2006-12-07,Charlotte's Web,Animation,Family,Comedy,,,,,,,,,,,,,,,
/en/chasing_liberty,Andy Cadiff,2004-01-07,Chasing Liberty,Romantic comedy,Teen film,Romance Film,Road movie,Comedy,,,,,,,,,,,,,
/en/chasing_papi,Linda Mendoza,2003-04-16,Chasing Papi,Romance Film,Romantic comedy,Farce,Chase Movie,Comedy,,,,,,,,,,,,,
/en/chasing_sleep,Michael Walker,2001-09-16,Chasing Sleep,Mystery,Psychological thriller,Surrealism,Thriller,Indie film,,Suspense,Crime Thriller,,,,,,,,,,
/en/chasing_the_horizon,Markus Canter,2006-04-26,Chasing the Horizon,Documentary film,Auto racing,,,,Mason Canter,,,,,,,,,,,,
/en/chathikkatha_chanthu,Meccartin,2004-04-14,Chathikkatha Chanthu,Comedy,Malayalam Cinema,World cinema,Drama,,,,,,,,,,,,,,
/en/chatrapati,S. S. Rajamouli,2005-09-25,Chhatrapati,Action Film,Tollywood,World cinema,Drama,,,,,,,,,,,,,,
/en/cheaper_by_the_dozen_2003,Shawn Levy,2003-12-25,Cheaper by the Dozen,Family,Comedy,Drama,,,,,,,,,,,,,,,
/en/cheaper_by_the_dozen_2,Adam Shankman,2005-12-21,Cheaper by the Dozen 2,Family,Adventure Film,Domestic Comedy,Comedy,,,,,,,,,,,,,,
/en/checking_out_2005,Jeff Hare,2005-04-10,Checking Out,Black comedy,Comedy,,,,,,,,,,,,,,,,
/en/chellamae,Gandhi Krishna,2004-09-10,Chellamae,Romance Film,Tamil cinema,World cinema,,,,,,,,,,,,,,,
/en/chemman_chaalai,Deepak Kumaran Menon,,Chemman Chaalai,Tamil cinema,World cinema,Drama,,,,,,,,,,,,,,,
/en/chennaiyil_oru_mazhai_kaalam,Prabhu Deva,,Chennaiyil Oru Mazhai Kaalam,,,,,,,,,,,,,,,,,,
/en/cher_the_farewell_tour_live_in_miami,Dorina Sanchez,2003-08-26,The Farewell Tour,Music video,,,,,David Mallet,,,,,,,,,,,,
/en/cherry_falls,Geoffrey Wright,2000-07-29,Cherry Falls,Satire,Slasher,Indie film,Horror,Horror comedy,,Comedy,,,,,,,,,,,
/wikipedia/en_title/Chess_$00282006_film$0029,RajBabu,2006-07-07,Chess,Crime Fiction,Thriller,Action Film,Comedy,Malayalam Cinema,,World cinema,,,,,,,,,,,
/en/chica_de_rio,Christopher Monger,2003-04-11,Girl from Rio,Romantic comedy,Romance Film,Comedy,,,,,,,,,,,,,,,
/en/chicago_2002,Rob Marshall,2002-12-10,Chicago,Musical,Crime Fiction,Comedy,Musical comedy,,,,,,,,,,,,,,
/en/chicken_little,Mark Dindal,2005-10-30,Chicken Little,Animation,Adventure Film,Comedy,,,,,,,,,,,,,,,
/en/chicken_run,Peter Lord,2000-06-21,Chicken Run,Family,Animation,Comedy,,,Nick Park,,,,,,,,,,,,
/en/child_marriage_2005,Neeraj Kumar,,Child Marriage,Documentary film,,,,,,,,,,,,,,,,,
/en/children_of_men,Alfonso Cuarón,2006-09-03,Children of Men,Thriller,Action Film,Science Fiction,Dystopia,Doomsday film,,Future noir,Mystery,Adventure Film,Film adaptation,Action Thriller,Drama,,,,,,
/en/children_of_the_corn_revelation,Guy Magar,2001-10-09,Children of the Corn: Revelation,Horror,Supernatural,Cult film,,,,,,,,,,,,,,,
/en/children_of_the_living_dead,Tor Ramsey,,Children of the Living Dead,Indie film,Teen film,Horror,Zombie Film,Horror comedy,,,,,,,,,,,,,
/en/chinthamani_kolacase,Shaji Kailas,2006-03-31,Chinthamani Kolacase,Horror,Mystery,Crime Fiction,Action Film,Thriller,,Malayalam Cinema,World cinema,,,,,,,,,,
/en/chips_2008,,,CHiPs,Musical,Children's/Family,,,,,,,,,,,,,,,,
/en/chithiram_pesuthadi,Mysskin,2006-02-10,Chithiram Pesuthadi,Romance Film,Tamil cinema,World cinema,Drama,,,,,,,,,,,,,,
/en/chocolat_2000,Lasse Hallström,2000-12-15,Chocolat,Romance Film,Drama,,,,,,,,,,,,,,,,
/en/choose_your_own_adventure_the_abominable_snowman,Bob Doucette,2006-07-25,Choose Your Own Adventure The Abominable Snowman,Adventure Film,Family,Children's/Family,Family-Oriented Adventure,Animation,,,,,,,,,,,,,
/en/chopin_desire_for_love,Jerzy Antczak,2002-03-01,Chopin: Desire for Love,Biographical film,Romance Film,Music,Drama,,,,,,,,,,,,,,
/en/chopper,Andrew Dominik,2000-08-03,Chopper,Biographical film,Crime Fiction,Comedy,Drama,,,,,,,,,,,,,,
/en/chori_chori_2003,Milan Luthria,2003-08-01,Chori Chori,Romance Film,Musical,Romantic comedy,Musical comedy,Comedy,,Bollywood,World cinema,Drama,Musical Drama,,,,,,,,
/en/chori_chori_chupke_chupke,Abbas Burmawalla,2001-03-09,Chori Chori Chupke Chupke,Romance Film,Musical,Bollywood,World cinema,Drama,Mustan Burmawalla,Musical Drama,,,,,,,,,,,
/en/christinas_house,Gavin Wilding,2000-02-24,Christina's House,Thriller,Mystery,Horror,Teen film,Slasher,,Psychological thriller,Drama,,,,,,,,,,
/en/christmas_with_the_kranks,Joe Roth,2004-11-24,Christmas with the Kranks,Christmas movie,Family,Film adaptation,Slapstick,Holiday Film,,Comedy,,,,,,,,,,,
/en/chromophobia,Martha Fiennes,2005-05-21,Chromophobia,Family Drama,Drama,,,,,,,,,,,,,,,,
/en/chubby_killer,Reuben Rox,,Chubby Killer,Slasher,Indie film,Horror,,,,,,,,,,,,,,,
/en/chukkallo_chandrudu,Siva Kumar,2006-01-14,Chukkallo Chandrudu,Comedy,Tollywood,World cinema,Drama,,,,,,,,,,,,,,
/en/chup_chup_ke,Priyadarshan,2006-06-09,Chup Chup Ke,Romantic comedy,Comedy,Romance Film,Drama,,Kookie Gulati,,,,,,,,,,,,
/en/church_ball,Kurt Hale,2006-03-17,Church Ball,Family,Sports,Comedy,,,,,,,,,,,,,,,
/en/churchill_the_hollywood_years,Peter Richardson,2004-12-03,Churchill: The Hollywood Years,Satire,Comedy,,,,,,,,,,,,,,,,
/en/cinderella_iii,Frank Nissen,2007-02-06,Cinderella III: A Twist in Time,Family,Animated cartoon,Fantasy,Romance Film,Animation,,Children's/Family,,,,,,,,,,,
/en/cinderella_man,Ron Howard,2005-05-23,Cinderella Man,Biographical film,Historical period drama,Romance Film,Sports,Drama,,,,,,,,,,,,,
/en/cinemania,Angela Christlieb,,Cinemania,Documentary film,Culture &amp; Society,,,,Stephen Kijak,,,,,,,,,,,,
/en/city_of_ghosts,Matt Dillon,2003-03-27,City of Ghosts,Thriller,Crime Fiction,Crime Thriller,Drama,,,,,,,,,,,,,,
/en/city_of_god,Fernando Meirelles,2002-05-18,City of God,Crime Fiction,Drama,,,,,,,,,,,,,,,,
/en/claustrophobia_2003,Mark Tapio Kines,,Claustrophobia,Slasher,Horror,,,,,,,,,,,,,,,,
/en/clean,Olivier Assayas,2004-03-27,Clean,Music,Drama,,,,,,,,,,,,,,,,
/en/clear_cut_the_story_of_philomath_oregon,Peter Richardson,2006-01-20,"Clear Cut: The Story of Philomath, Oregon",Documentary film,,,,,,,,,,,,,,,,,
/en/clerks_ii,Kevin Smith,2006-05-26,Clerks II,Buddy film,Workplace Comedy,Comedy,,,,,,,,,,,,,,,
/en/click,Frank Coraci,2006-06-22,Click,Comedy,Fantasy,Drama,,,,,,,,,,,,,,,
/en/clockstoppers,Jonathan Frakes,2002-03-29,Clockstoppers,Science Fiction,Teen film,Family,Thriller,Adventure Film,,Comedy,,,,,,,,,,,
/en/closer_2004,Mike Nichols,2004-12-03,Closer,Romance Film,Drama,,,,,,,,,,,,,,,,
/en/closing_the_ring,Richard Attenborough,2007-09-14,Closing the Ring,War film,Romance Film,Drama,,,,,,,,,,,,,,,
/en/club_dread,Jay Chandrasekhar,2004-02-27,Club Dread,Parody,Horror,Slasher,Black comedy,Indie film,,Horror comedy,Comedy,,,,,,,,,,
/en/coach_carter,Thomas Carter,2005-01-13,Coach Carter,Coming of age,Sports,Docudrama,Biographical film,Drama,,,,,,,,,,,,,
/en/coast_guard_2002,Kim Ki-duk,2002-11-14,The Coast Guard,Action Film,War film,East Asian cinema,World cinema,Drama,,,,,,,,,,,,,
/en/code_46,Michael Winterbottom,2004-05-07,Code 46,Science Fiction,Thriller,Romance Film,Drama,,,,,,,,,,,,,,
/en/codename_kids_next_door_operation_z_e_r_o,Tom Warburton,2006-01-13,Codename: Kids Next Door: Operation Z.E.R.O.,Science Fiction,Animation,Adventure Film,Family,Comedy,,Crime Fiction,,,,,,,,,,,
/en/coffee_and_cigarettes,Jim Jarmusch,2003-09-05,Coffee and Cigarettes,Music,Comedy,Drama,,,,,,,,,,,,,,,
/en/cold_creek_manor,Mike Figgis,2003-09-19,Cold Creek Manor,Thriller,Mystery,Psychological thriller,Crime Thriller,Drama,,,,,,,,,,,,,
/en/cold_mountain,Anthony Minghella,2003-12-25,Cold Mountain,War film,Romance Film,Drama,,,,,,,,,,,,,,,
/en/cold_showers,Antony Cordier,2005-05-22,Cold Showers,Coming of age,LGBT,World cinema,Gay Themed,Teen film,,Erotic Drama,Drama,,,,,,,,,,
/en/collateral,Michael Mann,2004-08-05,Collateral,Thriller,Crime Fiction,Crime Thriller,Film noir,Drama,,,,,,,,,,,,,
/en/collateral_damage_2002,Andrew Davis,2002-02-04,Collateral Damage,Action Film,Thriller,Drama,,,,,,,,,,,,,,,
/en/comedian_2002,Christian Charles,2002-10-11,Comedian,Indie film,Documentary film,Stand-up comedy,Comedy,Biographical film,,,,,,,,,,,,,
/en/coming_out_2006,Joel Zwick,,Coming Out,Comedy,Drama,,,,,,,,,,,,,,,,
/en/commitments,Carol Mayes,2001-05-04,Commitments,Romantic comedy,Romance Film,Drama,,,,,,,,,,,,,,,
/en/common_ground_2000,Donna Deitch,2000-01-29,Common Ground,LGBT,Drama,,,,,,,,,,,,,,,,
/en/company_2002,Ram Gopal Varma,2002-04-15,Company,Thriller,Action Film,Crime Fiction,Bollywood,World cinema,,Drama,,,,,,,,,,,
/en/confessions_of_a_dangerous_mind,George Clooney,,Confessions of a Dangerous Mind,Biographical film,Thriller,Crime Fiction,Comedy,Drama,,,,,,,,,,,,,
/en/confessions_of_a_teenage_drama_queen,Sara Sugarman,2004-02-17,Confessions of a Teenage Drama Queen,Family,Teen film,Musical comedy,Romantic comedy,,,,,,,,,,,,,,
/en/confetti_2006,Debbie Isitt,2006-05-05,Confetti,Mockumentary,Romantic comedy,Romance Film,Parody,Music,,Comedy,,,,,,,,,,,
/en/confidence_2004,James Foley,2003-01-20,Confidence,Thriller,Crime Fiction,Drama,,,,,,,,,,,,,,,
/en/connie_and_carla,Michael Lembeck,2004-04-16,Connie and Carla,LGBT,Buddy film,Comedy of Errors,Comedy,,,,,,,,,,,,,,
/en/conspiracy_2001,Frank Pierson,2001-05-19,Conspiracy,History,War film,Political drama,Historical period drama,Drama,,,,,,,,,,,,,
/en/constantine_2005,Francis Lawrence,2005-02-08,Constantine,Horror,Fantasy,Action Film,,,,,,,,,,,,,,,
/en/control_room,Jehane Noujaim,,Control Room,Documentary film,Political cinema,Culture &amp; Society,War film,Journalism,,Media studies,,,,,,,,,,,
/en/control_the_ian_curtis_film,Anton Corbijn,2007-05-17,Control,Biographical film,Indie film,Musical,Japanese Movies,Drama,,Musical Drama,,,,,,,,,,,
/en/cope_2005,Ronald Jackson,2007-01-23,Cope,Horror,B movie,,,,Ronald Jerry,,,,,,,,,,,,
/en/copying_beethoven,Agnieszka Holland,2006-07-30,Copying Beethoven,Biographical film,Music,Historical fiction,Drama,,,,,,,,,,,,,,
/en/corporate,Madhur Bhandarkar,2006-07-07,Corporate,Drama,,,,,,,,,,,,,,,,,
/en/corpse_bride,Tim Burton,2005-09-07,Corpse Bride,Fantasy,Animation,Musical,Romance Film,,Mike Johnson,,,,,,,,,,,,
/en/covert_one_the_hades_factor,Mick Jackson,,Covert One: The Hades Factor,Thriller,Action Film,Action/Adventure,,,,,,,,,,,,,,,
/en/cow_belles,Francine McDougall,2006-03-24,Cow Belles,Family,Television film,Teen film,Romantic comedy,Comedy,,,,,,,,,,,,,
/en/cowards_bend_the_knee,Guy Maddin,2003-02-26,Cowards Bend the Knee,Silent film,Indie film,Surrealism,Romance Film,Experimental film,,Crime Fiction,Avant-garde,Drama,,,,,,,,,
/en/cowboy_bebop_the_movie,Shinichirō Watanabe,2001-09-01,Cowboy Bebop: The Movie,Anime,Science Fiction,Action Film,Animation,Comedy,,Crime Fiction,,,,,,,,,,,
/en/coyote_ugly,David McNally,2000-07-31,Coyote Ugly,Musical,Romance Film,Comedy,Drama,Musical comedy,,Musical Drama,,,,,,,,,,,
/en/crackerjack_2002,Paul Moloney,2002-11-07,Crackerjack,Comedy,,,,,,,,,,,,,,,,,
/en/cradle_2_the_grave,Andrzej Bartkowiak,2003-02-28,Cradle 2 the Grave,Martial Arts Film,Thriller,Action Film,Crime Fiction,Buddy film,,Action Thriller,Adventure Film,Crime,,,,,,,,,
/en/cradle_of_fear,Alex Chandon,,Cradle of Fear,Horror,B movie,Slasher,,,,,,,,,,,,,,,
/en/crank,Neveldine/Taylor,2006-08-31,Crank,Thriller,Action Film,Action/Adventure,Crime Thriller,Crime Fiction,,Action Thriller,,,,,,,,,,,
/en/crash_2004,Paul Haggis,2004-09-10,Crash,Crime Fiction,Indie film,Drama,,,,,,,,,,,,,,,
/en/crazy_beautiful,John Stockwell,2001-06-28,Crazy/Beautiful,Teen film,Romance Film,Drama,,,,,,,,,,,,,,,
/en/creep_2005,Christopher Smith,2004-08-10,Creep,Horror,Mystery,Thriller,,,,,,,,,,,,,,,
/en/criminal,Gregory Jacobs,2004-09-10,Criminal,Thriller,Crime Fiction,Indie film,Crime Thriller,Heist film,,Comedy,Drama,,,,,,,,,,
/en/crimson_gold,Jafar Panahi,,Crimson Gold,World cinema,Thriller,Drama,,,,,,,,,,,,,,,
/en/crimson_rivers_ii_angels_of_the_apocalypse,Olivier Dahan,2004-02-18,Crimson Rivers II: Angels of the Apocalypse,Action Film,Thriller,Crime Fiction,,,,,,,,,,,,,,,
/en/crocodile_2000,Tobe Hooper,2000-12-26,Crocodile,Horror,Natural horror film,Teen film,Thriller,Action Film,,Action/Adventure,,,,,,,,,,,
/en/crocodile_2_death_swamp,Gary Jones,2002-08-01,Crocodile 2: Death Swamp,Horror,Natural horror film,B movie,Action/Adventure,Action Film,,Thriller,Adventure Film,Action Thriller,Creature Film,,,,,,,,
/en/crocodile_dundee_in_los_angeles,Simon Wincer,2001-04-12,Crocodile Dundee in Los Angeles,Action Film,Adventure Film,Action/Adventure,World cinema,Action Comedy,,Comedy,Drama,,,,,,,,,,
/en/crossing_the_bridge_the_sound_of_istanbul,Fatih Akın,2005-06-09,Crossing the Bridge: The Sound of Istanbul,Musical,Documentary film,Music,Culture &amp; Society,,,,,,,,,,,,,,
/en/crossover_2006,Preston A. Whitmore II,2006-09-01,Crossover,Action Film,Coming of age,Teen film,Sports,Short Film,,Fantasy,Drama,,,,,,,,,,
/en/crossroads_2002,Tamra Davis,2002-02-11,Crossroads,Coming of age,Teen film,Musical,Romance Film,Romantic comedy,,Adventure Film,Comedy-drama,Musical Drama,Musical comedy,Comedy,Drama,,,,,,
/en/crouching_tiger_hidden_dragon,Ang Lee,2000-05-16,"Crouching Tiger, Hidden Dragon",Romance Film,Action Film,Martial Arts Film,Drama,,,,,,,,,,,,,,
/en/cruel_intentions_3,Scott Ziehl,2004-05-25,Cruel Intentions 3,Erotica,Thriller,Teen film,Psychological thriller,Romance Film,,Erotic thriller,Crime Fiction,Crime Thriller,Drama,,,,,,,,
/en/crustaces_et_coquillages,Jacques Martineau,2005-02-12,Crustacés et Coquillages,Musical,Romantic comedy,LGBT,Romance Film,World cinema,Olivier Ducastel,Musical Drama,Musical comedy,Comedy,Drama,,,,,,,,
/en/cry_wolf,Jeff Wadlow,2005-09-16,Cry_Wolf,Slasher,Horror,Mystery,Thriller,Drama,,,,,,,,,,,,,
/en/cube_2_hypercube,Andrzej Sekuła,2002-04-15,Cube 2: Hypercube,Science Fiction,Horror,Psychological thriller,Thriller,Escape Film,,,,,,,,,,,,,
/en/curious_george_2006,Matthew O'Callaghan,2006-02-10,Curious George,Animation,Adventure Film,Family,Comedy,,,,,,,,,,,,,,
/en/curse_of_the_golden_flower,Zhang Yimou,2006-12-21,Curse of the Golden Flower,Romance Film,Action Film,Drama,,,,,,,,,,,,,,,
/en/cursed,Wes Craven,2004-11-07,Cursed,Horror,Thriller,Horror comedy,Comedy,,,,,,,,,,,,,,
/en/d-tox,Jim Gillespie,2002-01-04,D-Tox,Thriller,Crime Thriller,Horror,Mystery,,,,,,,,,,,,,,
/en/daddy,Suresh Krissna,2001-10-04,Daddy,Family,Drama,Tollywood,World cinema,,,,,,,,,,,,,,
/en/daddy_day_care,Steve Carr,2003-05-04,Daddy Day Care,Family,Comedy,,,,,,,,,,,,,,,,
/en/daddy_long-legs,Gong Jeong-shik,2005-01-13,Daddy-Long-Legs,Romantic comedy,East Asian cinema,World cinema,Drama,,,,,,,,,,,,,,
/en/dahmer_2002,David Jacobson,2002-06-21,Dahmer,Thriller,Biographical film,LGBT,Crime Fiction,Indie film,,Mystery,Cult film,Horror,Slasher,Drama,,,,,,,
/en/daisy_2006,Andrew Lau,2006-03-09,Daisy,Chinese Movies,Romance Film,Melodrama,Drama,,,,,,,,,,,,,,
/en/daivanamathil,Jayaraj,,Daivanamathil,Drama,Malayalam Cinema,World cinema,,,,,,,,,,,,,,,
/en/daltry_calhoun,Katrina Holden Bronson,2005-09-25,Daltry Calhoun,Black comedy,Comedy-drama,Comedy,Drama,,,,,,,,,,,,,,
/en/dan_in_real_life,Peter Hedges,2007-10-26,Dan in Real Life,Romance Film,Romantic comedy,Comedy-drama,Domestic Comedy,Comedy,,Drama,,,,,,,,,,,
/en/dancer_in_the_dark,Lars von Trier,2000-05-17,Dancer in the Dark,Musical,Crime Fiction,Melodrama,Drama,Musical Drama,,,,,,,,,,,,,
/en/daniel_amos_live_in_anaheim_1985,Dave Perry,,Daniel Amos Live in Anaheim 1985,Music video,,,,,,,,,,,,,,,,,
/en/danny_deckchair,Jeff Balsmeyer,,Danny Deckchair,Romantic comedy,Indie film,Romance Film,World cinema,Fantasy Comedy,,Comedy,,,,,,,,,,,
/en/daredevil_2003,Mark Steven Johnson,2003-02-09,Daredevil,Action Film,Fantasy,Thriller,Crime Fiction,Superhero movie,,,,,,,,,,,,,
/en/dark_blue,Ron Shelton,2002-12-14,Dark Blue,Action Film,Crime Fiction,Historical period drama,Drama,,,,,,,,,,,,,,
/en/dark_harvest,"Paul Moore, Jr.",,Dark Harvest,Horror,Slasher,,,,,,,,,,,,,,,,
/en/dark_water,Walter Salles,2005-06-27,Dark Water,Thriller,Horror,Drama,,,,,,,,,,,,,,,
/en/dark_water_2002,Hideo Nakata,2002-01-19,Dark Water,Thriller,Horror,Mystery,Drama,,,,,,,,,,,,,,
/en/darkness_2002,Jaume Balagueró,2002-10-03,Darkness,Horror,,,,,,,,,,,,,,,,,
/en/darna_mana_hai,Prawaal Raman,2003-07-25,Darna Mana Hai,Horror,Adventure Film,Bollywood,World cinema,,,,,,,,,,,,,,
/en/darna_zaroori_hai,Ram Gopal Varma,2006-04-28,Darna Zaroori Hai,Horror,Thriller,Comedy,Bollywood,World cinema,Jijy Philip,,,,,,,Prawaal Raman,Vivek Shah,J. D. Chakravarthy,Sajid Khan,Manish Gupta,
/en/darth_vaders_psychic_hotline,John E. Hudgens,2002-04-16,Darth Vader's Psychic Hotline,Indie film,Short Film,Fan film,,,,,,,,,,,,,,,
/en/darwins_nightmare,Hubert Sauper,2004-09-01,Darwin's Nightmare,Documentary film,Political cinema,Biographical film,,,,,,,,,,,,,,,
/en/das_experiment,Paul Scheuring,2010-07-15,The Experiment,Thriller,Psychological thriller,Drama,,,,,,,,,,,,,,,
/en/dasavatharam,K. S. Ravikumar,2008-06-12,Dasavathaaram,Science Fiction,Disaster Film,Tamil cinema,,,,,,,,,,,,,,,
/en/date_movie,Aaron Seltzer,2006-02-17,Date Movie,Romantic comedy,Parody,Romance Film,Comedy,,Jason Friedberg,,,,,,,,,,,,
/en/dave_attells_insomniac_tour,Joel Gallen,2006-04-11,Dave Attell's Insomniac Tour,Stand-up comedy,Comedy,,,,,,,,,,,,,,,,
/en/dave_chappelles_block_party,Michel Gondry,2006-03-03,Dave Chappelle's Block Party,Documentary film,Music,Concert film,Hip hop film,Stand-up comedy,,Comedy,,,,,,,,,,,
/en/david_layla,Jay Jonroy,2005-10-21,David &amp; Layla,Romantic comedy,Indie film,Romance Film,Comedy-drama,Comedy,,Drama,,,,,,,,,,,
/en/david_gilmour_in_concert,David Mallet,,David Gilmour in Concert,Music video,Concert film,,,,,,,,,,,,,,,,
/en/dawn_of_the_dead_2004,Zack Snyder,2004-03-10,Dawn of the Dead,Horror,Action Film,Thriller,Science Fiction,Drama,,,,,,,,,,,,,
/en/day_of_the_dead_2007,Steve Miner,2008-04-08,Day of the Dead,Splatter film,Doomsday film,Horror,Thriller,Cult film,,Zombie Film,,,,,,,,,,,
/en/day_of_the_dead_2_contagium,Ana Clavell,2005-10-18,Day of the Dead 2: Contagium,Horror,Zombie Film,,,,James Glenn Dudelson,,,,,,,,,,,,
/en/day_watch,Timur Bekmambetov,2006-01-01,Day Watch,Thriller,Fantasy,Action Film,,,,,,,,,,,,,,,
/en/day_zero,Bryan Gunnar Cole,2007-11-02,Day Zero,Indie film,Political drama,Drama,,,,,,,,,,,,,,,
/en/de-lovely,Irwin Winkler,2004-05-22,De-Lovely,Musical,Biographical film,Musical Drama,Drama,,,,,,,,,,,,,,
/en/dead_breakfast,Matthew Leutwyler,2004-03-19,Dead &amp; Breakfast,Horror,Black comedy,Creature Film,Zombie Film,Horror comedy,,Comedy,,,,,,,,,,,
/en/dead_birds_2005,Alex Turner,2005-03-15,Dead Birds,Horror,,,,,,,,,,,,,,,,,
/en/dead_end_2003,Jean-Baptiste Andrea,2003-01-30,Dead End,Horror,Thriller,Mystery,Comedy,,Fabrice Canepa,,,,,,,,,,,,
/en/dead_friend,Kim Tae-kyeong,2004-06-18,Dead Friend,Horror,East Asian cinema,World cinema,,,,,,,,,,,,,,,
/en/dead_mans_shoes,Shane Meadows,2004-10-01,Dead Man's Shoes,Psychological thriller,Crime Fiction,Thriller,Drama,,,,,,,,,,,,,,
/en/dear_frankie,Shona Auerbach,2004-05-04,Dear Frankie,Indie film,Drama,Romance Film,,,,,,,,,,,,,,,
/en/dear_wendy,Thomas Vinterberg,2004-05-16,Dear Wendy,Indie film,Crime Fiction,Melodrama,Comedy,Romance Film,,Drama,,,,,,,,,,,
/en/death_in_gaza,James Miller,2004-02-11,Death in Gaza,Documentary film,War film,Children's Issues,Culture &amp; Society,Biographical film,,,,,,,,,,,,,
/en/death_to_smoochy,Danny DeVito,2002-03-29,Death to Smoochy,Comedy,Thriller,Crime Fiction,Drama,,,,,,,,,,,,,,
/en/death_trance,Yuji Shimomura,2005-05-12,Death Trance,Action Film,Fantasy,Martial Arts Film,Thriller,Action/Adventure,,World cinema,Action Thriller,Japanese Movies,,,,,,,,,
/en/death_walks_the_streets,James Zahn,2008-06-26,Death Walks the Streets,Indie film,Horror,Crime Fiction,,,,,,,,,,,,,,,
/en/deathwatch,Michael J. Bassett,2002-10-06,Deathwatch,Horror,War film,Thriller,Drama,,,,,,,,,,,,,,
/en/december_boys,Rod Hardy,,December Boys,Coming of age,Film adaptation,Indie film,Historical period drama,World cinema,,Drama,,,,,,,,,,,
/en/decoys,Matthew Hastings,,Decoys,Science Fiction,Horror,Thriller,Alien Film,Horror comedy,,,,,,,,,,,,,
/en/deepavali,Ezhil,2007-02-09,Deepavali,Romance Film,Tamil cinema,World cinema,,,,,,,,,,,,,,,
/en/deewane_huye_pagal,Vikram Bhatt,2005-11-25,Deewane Huye Paagal,Romance Film,Romantic comedy,Comedy,Bollywood,World cinema,,Drama,,,,,,,,,,,
/wikipedia/ja_id/980449,Tony Scott,2006-11-20,Déjà Vu,Thriller,Science Fiction,Time travel,Action Film,Mystery,,Crime Thriller,Action/Adventure,,,,,,,,,,
/en/democrazy_2005,Michael Legge,,Democrazy,Parody,Action/Adventure,Action Film,Indie film,Superhero movie,,Comedy,,,,,,,,,,,
/en/demonium,Andreas Schnaas,2001-08-25,Demonium,Horror,Thriller,,,,,,,,,,,,,,,,
/en/der_schuh_des_manitu,Michael Herbig,2001-07-13,Der Schuh des Manitu,Western,Comedy,Parody,,,,,,,,,,,,,,,
/en/der_tunnel,Roland Suso Richter,2001-01-21,The Tunnel,World cinema,Thriller,Political drama,Political thriller,Drama,,,,,,,,,,,,,
/en/derailed,Mikael Håfström,2005-11-11,Derailed,Thriller,Psychological thriller,Crime Thriller,Drama,,,,,,,,,,,,,,
/en/derailed_2002,Bob Misiorowski,,Derailed,Thriller,Action Film,Martial Arts Film,Disaster Film,Action/Adventure,,,,,,,,,,,,,
/en/destinys_child_live_in_atlana,Julia Knowles,2006-03-27,Destiny's Child: Live In Atlana,Music,Documentary film,,,,,,,,,,,,,,,,
/en/deuce_bigalow_european_gigolo,Mike Bigelow,2005-08-06,Deuce Bigalow: European Gigolo,Sex comedy,Slapstick,Gross out,Gross-out film,Comedy,,,,,,,,,,,,,
/en/dev,Govind Nihalani,2004-06-11,Dev,Drama,Bollywood,,,,,,,,,,,,,,,,
/en/devadasu,YVS Chowdary,2006-01-11,Devadasu,Romance Film,Drama,Tollywood,World cinema,,Gopireddy Mallikarjuna Reddy,,,,,,,,,,,,
/en/devdas_2002,Sanjay Leela Bhansali,2002-05-23,Devdas,Romance Film,Musical,Drama,Bollywood,World cinema,,Musical Drama,,,,,,,,,,,
/en/devils_playground_2003,Lucy Walker,2003-02-04,Devil's Playground,Documentary film,,,,,,,,,,,,,,,,,
/en/the_devils_pond,Joel Viertel,2003-10-21,Devil's Pond,Thriller,Suspense,,,,,,,,,,,,,,,,
/en/dhadkan,Dharmesh Darshan,2000-08-11,Dhadkan,Musical,Romance Film,Melodrama,Bollywood,World cinema,,Drama,Musical Drama,,,,,,,,,,
/en/dhool,Dharani,2003-01-10,Dhool,Musical,Family,Action Film,Tamil cinema,World cinema,,Drama,Musical Drama,,,,,,,,,,
/en/dhoom_2,Sanjay Gadhvi,2006-11-23,Dhoom 2,Crime Fiction,Action/Adventure,Musical,World cinema,Buddy cop film,,Action Film,Thriller,Action Thriller,Musical comedy,Comedy,,,,,,,
/en/dhyaas_parva,Amol Palekar,,Dhyaas Parva,Biographical film,Drama,Marathi cinema,,,,,,,,,,,,,,,
/en/diary_of_a_housewife,Vinod Sukumaran,,Diary of a Housewife,Short Film,Malayalam Cinema,World cinema,,,,,,,,,,,,,,,
/en/diary_of_a_mad_black_woman,Darren Grant,2005-02-25,Diary of a Mad Black Woman,Comedy-drama,Romance Film,Romantic comedy,Comedy,Drama,,,,,,,,,,,,,
/en/dickie_roberts_former_child_star,Sam Weisman,2003-09-03,Dickie Roberts: Former Child Star,Parody,Slapstick,Comedy,,,,,,,,,,,,,,,
/en/die_bad,Ryoo Seung-wan,2000-07-15,Die Bad,Crime Fiction,Drama,,,,,,,,,,,,,,,,
/en/die_mommie_die,Mark Rucker,2003-01-20,Die Mommie Die!,Comedy,,,,,,,,,,,,,,,,,
/en/dieu_est_grand_je_suis_toute_petite,Pascale Bailly,2001-09-26,God Is Great and I'm Not,Romantic comedy,World cinema,Religious Film,Romance Film,Comedy of manners,,Comedy,Drama,,,,,,,,,,
/en/digimon_the_movie,Mamoru Hosoda,2000-03-17,Digimon: The Movie,Anime,Fantasy,Family,Animation,Adventure Film,Shigeyasu Yamauchi,Action Film,Thriller,,,,,,,,,,
/en/digital_monster_x-evolution,Hiroyuki Kakudō,2005-01-03,Digital Monster X-Evolution,Computer Animation,Animation,Japanese Movies,,,,,,,,,,,,,,,
/en/digna_hasta_el_ultimo_aliento,Felipe Cazals,2004-12-17,Digna... hasta el último aliento,Documentary film,Culture &amp; Society,Law &amp; Crime,Biographical film,,,,,,,,,,,,,,
/en/dil_chahta_hai,Farhan Akhtar,2001-07-24,Dil Chahta Hai,Bollywood,Musical,Romance Film,World cinema,Comedy-drama,,Musical Drama,Musical comedy,Comedy,Drama,,,,,,,,
/en/dil_diya_hai,Aditya Datt,2006-09-08,Dil Diya Hai,Romance Film,Bollywood,World cinema,Drama,,Aditya Datt,,,,,,,,,,,,
/en/dil_hai_tumhaara,Kundan Shah,2002-09-06,Dil Hai Tumhara,Family,Romance Film,Musical,Bollywood,World cinema,,Drama,Musical Drama,,,,,,,,,,
/en/dil_ka_rishta,Naresh Malhotra,2003-01-17,Dil Ka Rishta,Romance Film,Bollywood,,,,,,,,,,,,,,,,
/en/dil_ne_jise_apna_kahaa,Atul Agnihotri,2004-09-10,Dil Ne Jise Apna Kahaa,Musical,World cinema,Romance Film,Musical Drama,Musical comedy,,Comedy,Bollywood,Drama,,,,,,,,,
/en/dinosaur_2000,Eric Leighton,2000-05-13,Dinosaur,Computer Animation,Animation,Fantasy,Costume drama,Family,Ralph Zondag,Adventure Film,Thriller,,,,,,,,,,
/en/dirty_dancing_2004,Guy Ferland,2004-02-27,Dirty Dancing: Havana Nights,Musical,Coming of age,Indie film,Teen film,Romance Film,,Historical period drama,Dance film,Musical Drama,Drama,,,,,,,,
/en/dirty_deeds,David Caesar,2002-07-18,Dirty Deeds,Historical period drama,Black comedy,Crime Thriller,Thriller,Crime Fiction,,World cinema,Gangster Film,Drama,,,,,,,,,
/en/dirty_deeds_2005,David Kendall,2005-08-26,Dirty Deeds,Comedy,,,,,,,,,,,,,,,,,
/en/dirty_love,John Mallory Asher,2005-09-23,Dirty Love,Indie film,Sex comedy,Romantic comedy,Romance Film,Comedy,,,,,,,,,,,,,
/en/disappearing_acts,Gina Prince-Bythewood,2000-12-09,Disappearing Acts,Romance Film,Television film,Film adaptation,Comedy-drama,Drama,,,,,,,,,,,,,
/en/dishyum,Sasi,2006-02-02,Dishyum,Romance Film,Action Film,Drama,Tamil cinema,World cinema,,,,,,,,,,,,,
/en/distant_lights,Hans-Christian Schmid,2003-02-11,Distant Lights,Drama,,,,,,,,,,,,,,,,,
/en/district_b13,Pierre Morel,2004-11-10,District 13,Martial Arts Film,Thriller,Action Film,Science Fiction,Crime Fiction,,,,,,,,,,,,,
/en/disturbia,D. J. Caruso,2007-04-04,Disturbia,Thriller,Mystery,Teen film,Drama,,,,,,,,,,,,,,
/en/ditto_2000,Jeong-kwon Kim,2000-05-27,Ditto,Romance Film,Science Fiction,East Asian cinema,World cinema,,,,,,,,,,,,,,
/en/divine_intervention_2002,Elia Suleiman,2002-05-19,Divine Intervention,Black comedy,World cinema,Romance Film,Comedy,Drama,,,,,,,,,,,,,
/en/divine_secrets_of_the_ya_ya_sisterhood,Callie Khouri,2002-06-03,Divine Secrets of the Ya-Ya Sisterhood,Film adaptation,Comedy-drama,Historical period drama,Family Drama,Ensemble Film,,Comedy,Drama,,,,,,,,,,
/en/doa_dead_or_alive,Corey Yuen,2006-09-07,DOA: Dead or Alive,Action Film,Adventure Film,,,,,,,,,,,,,,,,
/en/dodgeball_a_true_underdog_story,Rawson Marshall Thurber,2004-06-18,DodgeBall: A True Underdog Story,Sports,Comedy,,,,,,,,,,,,,,,,
/en/dog_soldiers,Neil Marshall,2002-03-22,Dog Soldiers,Horror,Action Film,Creature Film,,,,,,,,,,,,,,,
/en/dogtown_and_z-boys,Stacy Peralta,2001-01-19,Dogtown and Z-Boys,Documentary film,Sports,Extreme Sports,Biographical film,,,,,,,,,,,,,,
/en/dogville,Lars von Trier,2003-05-19,Dogville,Drama,,,,,,,,,,,,,,,,,
/en/doll_master,Jeong Yong-Gi,2004-07-30,The Doll Master,Horror,Thriller,East Asian cinema,World cinema,,,,,,,,,,,,,,
/en/dolls,Takeshi Kitano,2002-09-05,Dolls,Romance Film,Drama,,,,,,,,,,,,,,,,
/en/dominion_prequel_to_the_exorcist,Paul Schrader,2005-05-20,Dominion: Prequel to the Exorcist,Horror,Supernatural,Psychological thriller,Cult film,,,,,,,,,,,,,,
/en/domino_2005,Tony Scott,2005-09-25,Domino,Thriller,Action Film,Biographical film,Crime Fiction,Comedy,,Adventure Film,Drama,,,,,,,,,,
/en/don_2006,Farhan Akhtar,2006-10-20,Don: The Chase Begins Again,Crime Fiction,Thriller,Mystery,Action Film,Romance Film,,Comedy,Bollywood,World cinema,,,,,,,,,
/en/dons_plum,R.D. Robb,2001-02-10,Don's Plum,Black-and-white,Ensemble Film,Comedy,Drama,,,,,,,,,,,,,,
/en/dont_come_knocking,Wim Wenders,2005-05-19,Don't Come Knocking,Western,Indie film,Musical,Drama,Music,,Musical Drama,,,,,,,,,,,
/en/dont_move,Sergio Castellitto,2004-03-12,Don't Move,Romance Film,Drama,,,,,,,,,,,,,,,,
/en/dont_say_a_word_2001,Gary Fleder,2001-09-24,Don't Say a Word,Thriller,Psychological thriller,Crime Fiction,Suspense,,,,,,,,,,,,,,
/en/donnie_darko,Richard Kelly,2001-01-19,Donnie Darko,Science Fiction,Mystery,Drama,,,,,,,,,,,,,,,
/en/doomsday_2008,Neil Marshall,2008-03-14,Doomsday,Science Fiction,Action Film,,,,,,,,,,,,,,,,
/en/dopamine_2003,Mark Decena,2003-01-23,Dopamine,Comedy-drama,Romance Film,Indie film,Romantic comedy,Comedy,,Drama,,,,,,,,,,,
/en/dosti_friends_forever,Suneel Darshan,2005-12-23,Dosti: Friends Forever,Romance Film,Drama,,,,,,,,,,,,,,,,
/en/double_take,George Gallo,2001-01-12,Double Take,Crime Fiction,Action/Adventure,Action Film,Comedy,,,,,,,,,,,,,,
/en/double_teamed,Duwayne Dunham,2002-01-18,Double Teamed,Family,Biographical film,Family Drama,Children's/Family,Sports,,,,,,,,,,,,,
/en/double_vision_2002,Chen Kuo-Fu,2002-05-20,Double Vision,Thriller,Mystery,Martial Arts Film,Action Film,Horror,,Psychological thriller,Suspense,World cinema,Crime Thriller,Action/Adventure,Chinese Movies,,,,,,
/en/double_whammy,Tom DiCillo,2001-01-20,Double Whammy,Comedy-drama,Indie film,Action Film,Crime Fiction,Action/Adventure,,Satire,Romantic comedy,Comedy,Drama,,,,,,,,
/en/down_and_derby,Eric Hendershot,2005-04-15,Down and Derby,Family,Sports,Comedy,,,,,,,,,,,,,,,
/en/down_in_the_valley,David Jacobson,2005-05-13,Down in the Valley,Indie film,Romance Film,Family Drama,Psychological thriller,Drama,,,,,,,,,,,,,
/en/down_to_earth,Chris Weitz,2001-02-12,Down to Earth,Fantasy,Comedy,,,,Paul Weitz,,,,,,,,,,,,
/en/down_with_love,Peyton Reed,2003-05-09,Down with Love,Romantic comedy,Romance Film,Screwball comedy,Parody,Comedy,,,,,,,,,,,,,
/en/downfall,Oliver Hirschbiegel,2004-09-08,Downfall,Biographical film,War film,Historical drama,Drama,,,,,,,,,,,,,,
/en/dr_dolittle_2,Steve Carr,2001-06-19,Dr. Dolittle 2,Family,Fantasy Comedy,Comedy,Romance Film,,,,,,,,,,,,,,
/en/dr_dolittle_3,Rich Thorne,2006-04-25,Dr. Dolittle 3,Family,Comedy,,,,,,,,,,,,,,,,
/en/dracula_pages_from_a_virgins_diary,Guy Maddin,2002-02-28,Dracula: Pages from a Virgin's Diary,Silent film,Indie film,Horror,Musical,Experimental film,,Dance film,Horror comedy,Musical comedy,Comedy,,,,,,,,
/en/dragon_boys,Jerry Ciccoritti,,Dragon Boys,Crime Drama,Ensemble Film,Drama,,,,,,,,,,,,,,,
/en/dragon_tiger_gate,Wilson Yip,2006-07-27,Dragon Tiger Gate,Martial Arts Film,Wuxia,Action/Adventure,Action Film,Thriller,,Superhero movie,World cinema,Action Thriller,Chinese Movies,,,,,,,,
/en/dragonfly_2002,Tom Shadyac,2002-02-18,Dragonfly,Thriller,Mystery,Romance Film,Fantasy,Drama,,,,,,,,,,,,,
/en/dragonlance_dragons_of_autumn_twilight,Will Meugniot,2008-01-15,Dragonlance: Dragons of Autumn Twilight,Animation,Sword and sorcery,Fantasy,Adventure Film,Science Fiction,,,,,,,,,,,,,
/en/drake_josh_go_hollywood,Adam Weissman,2006-01-06,Drake &amp; Josh Go Hollywood,Family,Adventure Film,Comedy,,,Steve Hoefer,,,,,,,,,,,,
/en/drawing_restraint_9,Matthew Barney,2005-07-01,Drawing Restraint 9,Cult film,Fantasy,Surrealism,Avant-garde,Experimental film,,Japanese Movies,,,,,,,,,,,
/en/dreamcatcher,Lawrence Kasdan,2003-03-06,Dreamcatcher,Science Fiction,Horror,Thriller,Drama,,,,,,,,,,,,,,
/en/dreamer_2005,John Gatins,2005-09-10,Dreamer,Family,Sports,Drama,,,,,,,,,,,,,,,
/en/dreaming_of_julia,Juan Gerard,2003-10-24,Dreaming of Julia,Indie film,Action Film,Crime Fiction,Action/Adventure,Comedy,,Drama,,,,,,,,,,,
/en/driving_miss_wealthy_juet_sai_ho_bun,James Yuen,2004-05-03,Driving Miss Wealthy,Romance Film,World cinema,Romantic comedy,Chinese Movies,Comedy,,Drama,,,,,,,,,,,
/en/drowning_mona,Nick Gomez,2000-01-02,Drowning Mona,Black comedy,Mystery,Whodunit,Crime Comedy,Crime Fiction,,Comedy,,,,,,,,,,,
/en/drugstore_girl,Katsuhide Motoki,,Drugstore Girl,Japanese Movies,Comedy,,,,,,,,,,,,,,,,
/en/druids,Jacques Dorfmann,2001-08-31,Druids,Adventure Film,War film,Action/Adventure,World cinema,Epic film,,Historical Epic,Historical fiction,Biographical film,Drama,,,,,,,,
/en/duck_the_carbine_high_massacre,William Hellfire,2000-04-20,Duck! The Carbine High Massacre,Satire,Black comedy,Parody,Indie film,Teen film,Joey Smack,Comedy,,,,,,,,,,,
/en/dude_wheres_my_car,Danny Leiner,2000-12-10,"Dude, Where's My Car?",Mystery,Comedy,Science Fiction,,,,,,,,,,,,,,,
/en/dude_wheres_the_party,Benny Mathews,,"Dude, Where's the Party?",Indie film,Comedy of manners,Comedy,,,,,,,,,,,,,,,
/en/duets,Bruce Paltrow,2000-09-09,Duets,Musical,Musical Drama,Musical comedy,Comedy,Drama,,,,,,,,,,,,,
/en/dumb_dumberer,Troy Miller,2003-06-13,Dumb &amp; Dumberer: When Harry Met Lloyd,Buddy film,Teen film,Screwball comedy,Slapstick,Comedy,,,,,,,,,,,,,
/en/dumm_dumm_dumm,Azhagam Perumal,2001-04-13,Dumm Dumm Dumm,Romance Film,Comedy,Drama,,,,,,,,,,,,,,,
/en/dummy_2003,Greg Pritikin,2003-09-12,Dummy,Romantic comedy,Indie film,Romance Film,Comedy,Comedy-drama,,Drama,,,,,,,,,,,
/en/dumplings,Fruit Chan,2004-08-04,Dumplings,Horror,Drama,,,,,,,,,,,,,,,,
/en/duplex,Danny DeVito,2003-09-26,Duplex,Black comedy,Comedy,,,,,,,,,,,,,,,,
/en/dus,Anubhav Sinha,2005-07-08,Dus,Thriller,Action Film,Crime Fiction,Bollywood,,,,,,,,,,,,,,
/en/dust_2001,Milcho Manchevski,2001-08-29,Dust,Western,Drama,,,,,,,,,,,,,,,,
/wikipedia/en_title/E_$0028film$0029,S. P. Jananathan,2006-10-21,E,Action Film,Thriller,Drama,,,,,,,,,,,,,,,
/en/earthlings,Shaun Monson,,Earthlings,Documentary film,Nature,Culture &amp; Society,Animal,,,,,,,,,,,,,,
/en/eastern_promises,David Cronenberg,2007-09-08,Eastern Promises,Thriller,Crime Fiction,Mystery,Drama,,,,,,,,,,,,,,
/en/eating_out,Q. Allan Brocka,,Eating Out,Romantic comedy,LGBT,Gay Themed,Romance Film,Gay,,Gay Interest,Comedy,,,,,,,,,,
/en/echoes_of_innocence,Nathan Todd Sims,2005-09-09,Echoes of Innocence,Thriller,Romance Film,Christian film,Mystery,Supernatural,,Drama,,,,,,,,,,,
/en/eddies_million_dollar_cook_off,Paul Hoen,2003-07-18,Eddie's Million Dollar Cook-Off,Teen film,,,,,,,,,,,,,,,,,
/en/edison_2006,David J. Burke,2005-03-05,Edison,Thriller,Crime Fiction,Mystery,Crime Thriller,Drama,,,,,,,,,,,,,
/en/edmond_2006,Stuart Gordon,2005-09-02,Edmond,Thriller,Psychological thriller,Indie film,Crime Fiction,Drama,,,,,,,,,,,,,
/en/eight_below,Frank Marshall,2006-02-17,Eight Below,Adventure Film,Family,Drama,,,,,,,,,,,,,,,
/en/eight_crazy_nights,Seth Kearsley,2002-11-27,Eight Crazy Nights,Christmas movie,Musical,Animation,Musical comedy,Comedy,,,,,,,,,,,,,
/en/eight_legged_freaks,Ellory Elkayem,2002-05-30,Eight Legged Freaks,Horror,Natural horror film,Science Fiction,Monster,B movie,,Comedy,Action Film,Thriller,Horror comedy,,,,,,,,
/en/ek_ajnabee,Apoorva Lakhia,2005-12-09,Ek Ajnabee,Action Film,Thriller,Crime Fiction,Action Thriller,Drama,,Bollywood,,,,,,,,,,,
/en/eklavya_the_royal_guard,Vidhu Vinod Chopra,2007-02-16,Eklavya: The Royal Guard,Historical drama,Romance Film,Musical,Epic film,Thriller,,Bollywood,World cinema,,,,,,,,,,
/en/el_abrazo_partido,Daniel Burman,2004-02-09,Lost Embrace,Indie film,Comedy,Comedy-drama,Drama,,,,,,,,,,,,,,
/en/el_aura,Fabián Bielinsky,2005-09-15,El Aura,Thriller,Crime Fiction,Drama,,,,,,,,,,,,,,,
/en/el_crimen_del_padre_amaro,Carlos Carrera,2002-08-16,The Crime of Father Amaro,Romance Film,Drama,,,,,,,,,,,,,,,,
/en/el_juego_de_arcibel,Alberto Lecchi,2003-05-29,El juego de Arcibel,Indie film,Political drama,World cinema,Drama,,,,,,,,,,,,,,
/wikipedia/en_title/El_Muerto_$0028film$0029,Brian Cox,,El Muerto,Indie film,Supernatural,Thriller,Superhero movie,Action/Adventure,,,,,,,,,,,,,
/en/el_principio_de_arquimedes,Gerardo Herrero,2004-03-26,The Archimedes Principle,Drama,,,,,,,,,,,,,,,,,
/en/el_raton_perez,Juan Pablo Buscarini,2006-07-13,The Hairy Tooth Fairy,Fantasy,Animation,Comedy,Family,,,,,,,,,,,,,,
/en/election_2005,Johnnie To,2005-05-14,Election,Crime Fiction,Thriller,Drama,,,,,,,,,,,,,,,
/en/election_2,Johnnie To,2006-04-04,Election 2,Thriller,Crime Fiction,Drama,,,,,,,,,,,,,,,
/en/daft_punks_electroma,Thomas Bangalter,2006-05-21,Daft Punk's Electroma,Indie film,Silent film,Science Fiction,World cinema,Avant-garde,Guy-Manuel de Homem-Christo,Experimental film,Road movie,Drama,,,,,,,,,
/en/elektra_2005,Rob Bowman,2005-01-08,Elektra,Action Film,Action/Adventure,Martial Arts Film,Superhero movie,Thriller,,Fantasy,Crime Fiction,,,,,,,,,,
/en/elephant_2003,Gus Van Sant,2003-05-18,Elephant,Teen film,Indie film,Crime Fiction,Thriller,Drama,,,,,,,,,,,,,
/en/elephants_dream,Bassam Kurdali,2006-03-24,Elephants Dream,Short Film,Computer Animation,,,,,,,,,,,,,,,,
/en/elf_2003,Jon Favreau,2003-10-09,Elf,Family,Romance Film,Comedy,Fantasy,,,,,,,,,,,,,,
/en/elizabethtown_2005,Cameron Crowe,2005-09-04,Elizabethtown,Romantic comedy,Romance Film,Family Drama,Comedy-drama,Comedy,,Drama,,,,,,,,,,,
/en/elviras_haunted_hills,Sam Irvin,2001-06-23,Elvira's Haunted Hills,Parody,Horror,Cult film,Haunted House Film,Horror comedy,,Comedy,,,,,,,,,,,
/en/elvis_has_left_the_building_2004,Joel Zwick,,Elvis Has Left the Building,Action Film,Action/Adventure,Road movie,Crime Comedy,Crime Fiction,,Comedy,,,,,,,,,,,
/en/empire_2002,Franc. Reyes,,Empire,Thriller,Crime Fiction,Indie film,Action,Drama,,Action Thriller,,,,,,,,,,,
/en/employee_of_the_month_2004,Mitch Rouse,2004-01-17,Employee of the Month,Black comedy,Indie film,Heist film,Comedy,,,,,,,,,,,,,,
/en/employee_of_the_month,Greg Coolidge,2006-10-06,Employee of the Month,Romantic comedy,Romance Film,Comedy,,,,,,,,,,,,,,,
/en/empress_chung,Nelson Shin,2005-08-12,Empress Chung,Animation,Children's/Family,East Asian cinema,World cinema,,,,,,,,,,,,,,
/en/emr,Danny McCullough,2004-03-08,EMR,Thriller,Mystery,Psychological thriller,,,James Erskine,,,,,,,,,,,,
/en/en_route,Jan Krüger,2004-06-17,En Route,Drama,,,,,,,,,,,,,,,,,
/en/enakku_20_unakku_18,Jyothi Krishna,2003-12-19,Enakku 20 Unakku 18,Musical,Romance Film,Drama,Musical Drama,,,,,,,,,,,,,,
/en/enchanted_2007,Kevin Lima,2007-10-20,Enchanted,Musical,Fantasy,Romance Film,Family,Comedy,,Animation,Adventure Film,Drama,Musical comedy,Musical Drama,,,,,,,
/en/end_of_the_spear,Jim Hanon,,End of the Spear,Docudrama,Christian film,Indie film,Adventure Film,Historical period drama,,Action/Adventure,Inspirational Drama,Drama,,,,,,,,,
/en/enduring_love,Roger Michell,2004-09-04,Enduring Love,Thriller,Mystery,Film adaptation,Indie film,Romance Film,,Psychological thriller,Drama,,,,,,,,,,
/en/enemy_at_the_gates,Jean-Jacques Annaud,2001-02-07,Enemy at the Gates,War film,Romance Film,Action Film,Historical fiction,Thriller,,Drama,,,,,,,,,,,
/en/enigma_2001,Michael Apted,2001-01-22,Enigma,Thriller,War film,Spy film,Romance Film,Mystery,,Drama,,,,,,,,,,,
/en/enigma_the_best_of_jeff_hardy,Craig Leathers,2005-10-04,Enigma: The Best of Jeff Hardy,Sports,Action Film,,,,,,,,,,,,,,,,
/en/enron_the_smartest_guys_in_the_room,Alex Gibney,2005-04-22,Enron: The Smartest Guys in the Room,Documentary film,Indie film,Crime Fiction,Business,Culture &amp; Society,,Finance &amp; Investing,Law &amp; Crime,Biographical film,,,,,,,,,
/en/envy_2004,Barry Levinson,2004-04-30,Envy,Black comedy,Cult film,Comedy,,,,,,,,,,,,,,,
/en/equilibrium_2002,Kurt Wimmer,2002-12-06,Equilibrium,Science Fiction,Dystopia,Future noir,Thriller,Action Film,,Drama,,,,,,,,,,,
/en/eragon_2006,Stefen Fangmeier,2006-12-13,Eragon,Family,Adventure Film,Fantasy,Sword and sorcery,Action Film,,Drama,,,,,,,,,,,
/en/erin_brockovich_2000,Steven Soderbergh,2000-03-14,Erin Brockovich,Biographical film,Legal drama,Trial drama,Romance Film,Docudrama,,Comedy-drama,Feminist Film,Drama,Drama film,,,,,,,,
/en/eros_2004,Michelangelo Antonioni,2004-09-10,Eros,Romance Film,Erotica,Drama,,,Steven Soderbergh,,,,,,,Wong Kar-wai,,,,,
/en/escaflowne,Kazuki Akane,2000-06-24,Escaflowne,Adventure Film,Science Fiction,Fantasy,Animation,Romance Film,,Action Film,Thriller,Drama,,,,,,,,,
/en/escape_2006,Niki Karimi,,A Few Days Later,Drama,,,,,,,,,,,,,,,,,
/en/eternal_sunshine_of_the_spotless_mind,Michel Gondry,2004-03-19,Eternal Sunshine of the Spotless Mind,Romance Film,Science Fiction,Drama,,,,,,,,,,,,,,,
/en/eulogy_2004,Michael Clancy,2004-10-15,Eulogy,LGBT,Black comedy,Indie film,Comedy,,,,,,,,,,,,,,
/en/eurotrip,Jeff Schaffer,2004-02-20,EuroTrip,Sex comedy,Adventure Film,Teen film,Comedy,,Alec Berg,,,,,,,David Mandel,,,,,
/en/evan_almighty,Tom Shadyac,2007-06-21,Evan Almighty,Religious Film,Parody,Family,Fantasy,Fantasy Comedy,,Heavenly Comedy,Comedy,,,,,,,,,,
/en/everlasting_regret,Stanley Kwan,2005-09-08,Everlasting Regret,Romance Film,Chinese Movies,Drama,,,,,,,,,,,,,,,
/en/everybody_famous,Dominique Deruddere,2000-04-12,Everybody's Famous!,World cinema,Comedy,Drama,,,,,,,,,,,,,,,
/en/everymans_feast,Fritz Lehner,2002-01-25,Everyman's Feast,Drama,,,,,,,,,,,,,,,,,
/en/everyones_hero,Christopher Reeve,2006-09-15,Everyone's Hero,Computer Animation,Family,Animation,Adventure Film,Sports,Daniel St. Pierre,Children's/Family,Family-Oriented Adventure,,,,,Colin Brady,,,,,
/en/everything_2005,,2005-11-22,Everything,Music video,,,,,,,,,,,,,,,,,
/en/everything_goes,Andrew Kotatko,2004-06-14,Everything Goes,Short Film,Drama,,,,,,,,,,,,,,,,
/en/everything_is_illuminated_2005,Liev Schreiber,2005-09-16,Everything Is Illuminated,Adventure Film,Film adaptation,Family Drama,Comedy-drama,Road movie,,Comedy,Drama,,,,,,,,,,
/en/evilenko,David Grieco,2004-04-16,Evilenko,Thriller,Horror,Crime Fiction,,,,,,,,,,,,,,,
/en/evolution_2001,Ivan Reitman,2001-06-08,Evolution,Science Fiction,Parody,Action Film,Action/Adventure,Comedy,,,,,,,,,,,,,
/en/exit_wounds,Andrzej Bartkowiak,2001-03-16,Exit Wounds,Action Film,Mystery,Martial Arts Film,Action/Adventure,Thriller,,Crime Fiction,,,,,,,,,,,
/en/exorcist_the_beginning,Renny Harlin,2004-08-18,Exorcist: The Beginning,Horror,Supernatural,Psychological thriller,Cult film,Historical period drama,,,,,,,,,,,,,
/en/extreme_days,Eric Hannah,2001-09-28,Extreme Days,Comedy-drama,Action Film,Christian film,Action/Adventure,Road movie,,Teen film,Sports,,,,,,,,,,
/en/extreme_ops,Christian Duguay,2002-11-27,Extreme Ops,Action Film,Thriller,Action/Adventure,Sports,Adventure Film,,Action Thriller,Chase Movie,,,,,,,,,,
/en/face_2004,Yoo Sang-gon,2004-06-11,Face,Horror,Thriller,Drama,East Asian cinema,World cinema,,,,,,,,,,,,,
/en/la_finestra_di_fronte,Ferzan Özpetek,2003-02-28,Facing Windows,Romance Film,Drama,,,,,,,,,,,,,,,,
/en/factory_girl,George Hickenlooper,2006-12-29,Factory Girl,Biographical film,Indie film,Historical period drama,Drama,,,,,,,,,,,,,,
/en/fahrenheit_9_11,Michael Moore,2004-05-17,Fahrenheit 9/11,Indie film,Documentary film,War film,Culture &amp; Society,Crime Fiction,,Drama,,,,,,,,,,,
/en/fahrenheit_9_111_2,Michael Moore,,Fahrenheit 9/11½,Documentary film,,,,,,,,,,,,,,,,,
/en/fail_safe_2000,Stephen Frears,2000-04-09,Fail Safe,Thriller,Science Fiction,Black-and-white,Film adaptation,Suspense,,Psychological thriller,Political drama,Drama,,,,,,,,,
/en/failan,Song Hae-sung,2001-04-28,Failan,Romance Film,World cinema,Drama,,,,,,,,,,,,,,,
/en/failure_to_launch,Tom Dey,2006-03-10,Failure to Launch,Romantic comedy,Romance Film,Comedy,,,,,,,,,,,,,,,
/en/fake_2003,Thanakorn Pongsuwan,2003-04-28,Fake,Romance Film,,,,,,,,,,,,,,,,,
/en/falcons_2002,Friðrik Þór Friðriksson,,Falcons,Drama,,,,,,,,,,,,,,,,,
/en/fallen_2006,Mikael Salomon,,Fallen,Science Fiction,Fantasy,Action/Adventure,Drama,,Kevin Kerslake,,,,,,,,,,,,
/en/family_-_ties_of_blood,Rajkumar Santoshi,2006-01-11,Family,Musical,Crime Fiction,Action Film,Romance Film,Thriller,,Drama,Musical Drama,,,,,,,,,,
/en/familywala,Neeraj Vora,,Familywala,Comedy,Drama,Bollywood,World cinema,,,,,,,,,,,,,,
/en/fan_chan,Vitcha Gojiew,2003-10-03,Fan Chan,Comedy,Romance Film,,,,Witthaya Thongyooyong,,,,,,,Komgrit Triwimol,Nithiwat Tharathorn,Songyos Sugmakanan,Adisorn Tresirikasem,,
/en/fanaa,Kunal Kohli,2006-05-26,Fanaa,Thriller,Romance Film,Musical,Bollywood,Musical Drama,,Drama,,,,,,,,,,,
/en/fantastic_four_2005,Tim Story,2005-06-29,Fantastic Four,Fantasy,Science Fiction,Adventure Film,Action Film,,,,,,,,,,,,,,
/en/fantastic_four_and_the_silver_surfer,Tim Story,2007-06-12,Fantastic Four: Rise of the Silver Surfer,Fantasy,Science Fiction,Action Film,Thriller,,,,,,,,,,,,,,
/en/fantastic_mr_fox_2007,Wes Anderson,2009-10-14,Fantastic Mr. Fox,Animation,Adventure Film,Comedy,Family,,,,,,,,,,,,,,
/en/faq_frequently_asked_questions,Carlos Atanes,2004-10-12,FAQ: Frequently Asked Questions,Science Fiction,,,,,,,,,,,,,,,,,
/en/far_cry_2008,Uwe Boll,2008-10-02,Far Cry,Action Film,Science Fiction,Thriller,Adventure Film,,,,,,,,,,,,,,
/en/far_from_heaven,Todd Haynes,2002-09-01,Far from Heaven,Romance Film,Melodrama,Drama,,,,,,,,,,,,,,,
/en/farce_of_the_penguins,Bob Saget,,Farce of the Penguins,Parody,Mockumentary,Adventure Comedy,Comedy,,,,,,,,,,,,,,
/en/eagles_farewell_1_tour_live_from_melbourne,Carol Dodds,2005-06-14,Eagles: Farewell 1 Tour-Live from Melbourne,Music video,,,,,,,,,,,,,,,,,
/en/fat_albert,Joel Zwick,2004-12-12,Fat Albert,Family,Fantasy,Romance Film,Comedy,,,,,,,,,,,,,,
/en/fat_pizza_the_movie,Paul Fenech,,Fat Pizza,Comedy,,,,,,,,,,,,,,,,,
/en/fatwa_2006,John Carter,2006-03-24,Fatwa,Thriller,Political thriller,Drama,,,,,,,,,,,,,,,
/en/faust_love_of_the_damned,Brian Yuzna,2000-10-12,Faust: Love of the Damned,Horror,Supernatural,,,,,,,,,,,,,,,,
/en/fay_grim,Hal Hartley,2006-09-11,Fay Grim,Thriller,Action Film,Political thriller,Indie film,Comedy Thriller,,Comedy,Crime Fiction,Drama,,,,,,,,,
/en/fear_and_trembling_2003,Alain Corneau,,Fear and Trembling,World cinema,Japanese Movies,Comedy,Drama,,,,,,,,,,,,,,
/en/fear_of_the_dark_2006,Glen Baisley,2001-10-06,Fear of the Dark,Horror,Mystery,Psychological thriller,Thriller,Drama,,,,,,,,,,,,,
/en/fear_x,Nicolas Winding Refn,2003-01-19,Fear X,Psychological thriller,Thriller,,,,,,,,,,,,,,,,
/en/feardotcom,William Malone,2002-08-09,FeardotCom,Horror,Crime Fiction,Thriller,Mystery,,,,,,,,,,,,,,
/en/fearless,Ronny Yu,2006-01-26,Fearless,Biographical film,Action Film,Sports,Drama,,,,,,,,,,,,,,
/en/feast,John Gulager,2006-09-22,Feast,Horror,Cult film,Monster movie,Horror comedy,Comedy,,,,,,,,,,,,,
/en/femme_fatale_2002,Brian De Palma,2002-04-30,Femme Fatale,Thriller,Mystery,Crime Fiction,Erotic thriller,,,,,,,,,,,,,,
/en/festival_2005,Annie Griffin,2005-07-15,Festival,Black comedy,Parody,Comedy,,,,,,,,,,,,,,,
/en/festival_express,Bob Smeaton,,Festival Express,Documentary film,Concert film,History,Musical,Indie film,,Rockumentary,Music,,,,,,,,,,
/en/festival_in_cannes,Henry Jaglom,2001-11-03,Festival in Cannes,Mockumentary,Comedy-drama,Comedy of manners,Ensemble Film,Comedy,,Drama,,,,,,,,,,,
/en/fever_pitch_2005,Bobby Farrelly,2005-04-06,Fever Pitch,Romance Film,Sports,Comedy,Drama,,Peter Farrelly,,,,,,,,,,,,
/en/fida,Ken Ghosh,2004-08-20,Fida,Romance Film,Adventure Film,Thriller,Drama,,,,,,,,,,,,,,
/en/fido_2006,Andrew Currie,2006-09-07,Fido,Horror,Parody,Romance Film,Horror comedy,Comedy,,Drama,,,,,,,,,,,
/en/fighter_in_the_wind,Yang Yun-ho,2004-08-06,Fighter in the Wind,Action/Adventure,Action Film,War film,Biographical film,Drama,Yang Yun-ho,,,,,,,,,,,,
/en/filantropica,Nae Caranfil,2002-03-15,Filantropica,Comedy,Black comedy,Drama,,,,,,,,,,,,,,,
/en/film_geek,James Westby,2006-02-10,Film Geek,Indie film,Workplace Comedy,Comedy,,,,,,,,,,,,,,,
/en/final_destination,James Wong,2000-03-16,Final Destination,Slasher,Teen film,Supernatural,Horror,Cult film,,Thriller,,,,,,,,,,,
/en/final_destination_3,James Wong,2006-02-09,Final Destination 3,Slasher,Teen film,Horror,Thriller,,,,,,,,,,,,,,
/en/final_destination_2,David R. Ellis,2003-01-30,Final Destination 2,Slasher,Teen film,Supernatural,Horror,Cult film,,Thriller,,,,,,,,,,,
/en/final_fantasy_vii_advent_children,Tetsuya Nomura,2005-08-31,Final Fantasy VII: Advent Children,Anime,Science Fiction,Animation,Action Film,Thriller,Takeshi Nozue,,,,,,,,,,,,
/en/final_fantasy_the_spirits_within,Hironobu Sakaguchi,2001-07-02,Final Fantasy: The Spirits Within,Science Fiction,Anime,Animation,Fantasy,Action Film,Motonori Sakakibara,Adventure Film,,,,,,,,,,,
/en/final_stab,David DeCoteau,,Final Stab,Horror,Slasher,Teen film,,,,,,,,,,,,,,,
/en/find_me_guilty,Sidney Lumet,2006-02-16,Find Me Guilty,Crime Fiction,Trial drama,Docudrama,Comedy-drama,Courtroom Comedy,,Crime Comedy,Gangster Film,Comedy,Drama,,,,,,,,
/en/finders_fee,Jeff Probst,2001-06-16,Finder's Fee,Thriller,Psychological thriller,Indie film,Suspense,Drama,,,,,,,,,,,,,
/en/finding_nemo,Andrew Stanton,2003-05-30,Finding Nemo,Animation,Adventure Film,Comedy,Family,,Lee Unkrich,,,,,,,,,,,,
/en/finding_neverland,Marc Forster,2004-09-04,Finding Neverland,Costume drama,Historical period drama,Family,Biographical film,Drama,,,,,,,,,,,,,
/en/fingerprints,Harry Basil,,Fingerprints,Thriller,Horror,Mystery,,,,,,,,,,,,,,,
/en/firewall_2006,Richard Loncraine,2006-02-02,Firewall,Thriller,Action Film,Psychological thriller,Action/Adventure,Crime Thriller,,Action Thriller,,,,,,,,,,,
/en/first_daughter,Forest Whitaker,2004-09-24,First Daughter,Romantic comedy,Teen film,Romance Film,Comedy,Drama,,,,,,,,,,,,,
/en/first_descent,Kemp Curly,2005-12-02,First Descent,Documentary film,Sports,Extreme Sports,Biographical film,,Kevin Harrison,,,,,,,,,,,,
/en/fiza,Khalid Mohamed,2000-09-08,Fiza,Romance Film,Drama,,,,,,,,,,,,,,,,
/en/flags_of_our_fathers_2006,Clint Eastwood,2006-10-20,Flags of Our Fathers,War film,History,Action Film,Film adaptation,Historical drama,,Drama,,,,,,,,,,,
/en/flight_from_death,Patrick Shen,2006-09-06,Flight from Death,Documentary film,,,,,,,,,,,,,,,,,
/en/flight_of_the_phoenix,John Moore,2004-12-17,Flight of the Phoenix,Airplanes and airports,Disaster Film,Action Film,Adventure Film,Action/Adventure,,Film adaptation,Drama,,,,,,,,,,
/en/flightplan,Robert Schwentke,2005-09-22,Flightplan,Thriller,Mystery,Drama,,,,,,,,,,,,,,,
/en/flock_of_dodos,Randy Olson,,Flock of Dodos,Documentary film,History,,,,,,,,,,,,,,,,
/en/fluffy_the_english_vampire_slayer,Henry Burrows,,Fluffy the English Vampire Slayer,Horror comedy,Short Film,Fan film,Parody,,,,,,,,,,,,,,
/en/flushed_away,David Bowers,2006-10-22,Flushed Away,Animation,Family,Adventure Film,Children's/Family,Family-Oriented Adventure,Sam Fell,Comedy,,,,,,,,,,,
/en/fool_and_final,Ahmed Khan,2007-06-01,Fool &amp; Final,Comedy,Action Film,Romance Film,Bollywood,World cinema,,,,,,,,,,,,,
/en/foolproof,William Phillips,2003-10-03,Foolproof,Action Film,Thriller,Crime Thriller,Action Thriller,Caper story,,Crime Fiction,Comedy,,,,,,,,,,
/en/for_the_birds,Ralph Eggleston,2000-06-05,For the Birds,Short Film,Animation,Comedy,Family,,,,,,,,,,,,,,
/en/for_your_consideration_2006,Christopher Guest,2006-11-17,For Your Consideration,Mockumentary,Parody,Comedy,,,,,,,,,,,,,,,
/en/diev_mi_kas,Algimantas Puipa,2005-09-23,Forest of the Gods,War film,Drama,,,,,,,,,,,,,,,,
/en/formula_17,Chen Yin-jung,2004-04-02,Formula 17,Romantic comedy,Romance Film,Comedy,,,,,,,,,,,,,,,
/en/forty_shades_of_blue,Ira Sachs,,Forty Shades of Blue,Indie film,Romance Film,Drama,,,,,,,,,,,,,,,
/en/four_brothers_2005,John Singleton,2005-08-12,Four Brothers,Action Film,Crime Fiction,Thriller,Action/Adventure,Family Drama,,Crime Drama,Drama,,,,,,,,,,
/en/frailty,Bill Paxton,2001-11-17,Frailty,Psychological thriller,Thriller,Crime Fiction,Drama,,,,,,,,,,,,,,
/en/frankenfish,Mark A.Z. Dippé,2004-10-09,Frankenfish,Action Film,Horror,Natural horror film,Monster,Science Fiction,,,,,,,,,,,,,
/en/franklin_and_grannys_secret,Dominique Monféry,2006-12-20,Franklin and the Turtle Lake Treasure,Family,Animation,,,,,,,,,,,,,,,,
/en/franklin_and_the_green_knight,John van Bruggen,2000-10-17,Franklin and the Green Knight,Family,Animation,,,,,,,,,,,,,,,,
/en/franklins_magic_christmas,John van Bruggen,2001-11-06,Franklin's Magic Christmas,Family,Animation,,,,,,,,,,,,,,,,
/en/freaky_friday_2003,Mark Waters,2003-08-04,Freaky Friday,Family,Fantasy,Comedy,,,,,,,,,,,,,,,
/en/freddy_vs_jason,Ronny Yu,2003-08-13,Freddy vs. Jason,Horror,Thriller,Slasher,Action Film,Crime Fiction,,,,,,,,,,,,,
/en/free_jimmy,Christopher Nielsen,2006-04-21,Free Jimmy,Anime,Animation,Black comedy,Satire,Stoner film,,Comedy,,,,,,,,,,,
/en/free_zone,Amos Gitai,2005-05-19,Free Zone,Comedy,Drama,,,,,,,,,,,,,,,,
/en/freedomland,Joe Roth,2006-02-17,Freedomland,Mystery,Thriller,Crime Fiction,Film adaptation,Crime Thriller,,Crime Drama,Drama,,,,,,,,,,
/en/french_bean,Steve Bendelack,2007-03-22,Mr. Bean's Holiday,Family,Comedy,Road movie,,,,,,,,,,,,,,,
/en/frequency_2000,Gregory Hoblit,2000-04-28,Frequency,Thriller,Time travel,Science Fiction,Suspense,Fantasy,,Crime Fiction,Family Drama,Drama,,,,,,,,,
/en/frida,Julie Taymor,2002-08-29,Frida,Biographical film,Romance Film,Political drama,Drama,,,,,,,,,,,,,,
/en/friday_after_next,Marcus Raboy,2002-11-22,Friday After Next,Buddy film,Comedy,,,,,,,,,,,,,,,,
/en/friday_night_lights,Peter Berg,2004-10-06,Friday Night Lights,Action Film,Sports,Drama,,,,,,,,,,,,,,,
/en/friends_2001,Siddique,2001-01-14,Friends,Romance Film,Comedy,Drama,Tamil cinema,World cinema,,,,,,,,,,,,,
/en/friends_with_money,Nicole Holofcener,2006-04-07,Friends with Money,Romance Film,Indie film,Comedy-drama,Comedy of manners,Ensemble Film,,Comedy,Drama,,,,,,,,,,
/en/fro_the_movie,Brad Gashler,,FRO - The Movie,Comedy-drama,,,,,Michael J. Brooks,,,,,,,,,,,,
/en/from_hell_2001,Allen Hughes,2001-09-08,From Hell,Thriller,Mystery,Biographical film,Crime Fiction,Slasher,Albert Hughes,Film adaptation,Horror,Drama,,,,,,,,,
/en/from_janet_to_damita_jo_the_videos,Jonathan Dayton,2004-09-07,From Janet to Damita Jo: The Videos,Music video,,,,,Mark Romanek,,,,,,,Paul Hunter,,,,,
/en/from_justin_to_kelly,Robert Iscove,2003-06-20,From Justin to Kelly,Musical,Romantic comedy,Teen film,Romance Film,Beach Film,,Musical comedy,Comedy,,,,,,,,,,
/en/frostbite_2005,Jonathan Schwartz,,Frostbite,Sports,Comedy,,,,,,,,,,,,,,,,
/en/fubar_2002,Michael Dowse,2002-01-01,FUBAR,Mockumentary,Indie film,Buddy film,Comedy,Drama,,,,,,,,,,,,,
/en/fuck_2005,Steve Anderson,2005-11-07,Fuck,Documentary film,Indie film,Political cinema,,,,,,,,,,,,,,,
/en/fuckland,José Luis Márques,2000-09-21,Fuckland,Indie film,Dogme 95,Comedy-drama,Satire,Comedy of manners,,Comedy,Drama,,,,,,,,,,
/en/full_court_miracle,Stuart Gillard,2003-11-21,Full-Court Miracle,Family,Drama,,,,,,,,,,,,,,,,
/en/full_disclosure_2001,John Bradshaw,2001-05-15,Full Disclosure,Thriller,Action/Adventure,Action Film,Political thriller,,,,,,,,,,,,,,
/en/full_frontal,Steven Soderbergh,2002-08-02,Full Frontal,Romantic comedy,Indie film,Romance Film,Comedy-drama,Ensemble Film,,Comedy,Drama,,,,,,,,,,
/wikipedia/ja/$5287$5834$7248_$92FC$306E$932C$91D1$8853$5E2B_$30B7$30E3$30F3$30D0$30E9$3092$5F81$304F$8005,Seiji Mizushima,2005-07-23,Fullmetal Alchemist the Movie: Conqueror of Shamballa,Anime,Fantasy,Action Film,Animation,Adventure Film,,Drama,,,,,,,,,,,
/en/fulltime_killer,Johnnie To,2001-08-03,Fulltime Killer,Action Film,Thriller,Crime Fiction,Martial Arts Film,Action Thriller,Wai Ka-fai,Drama,,,,,,,,,,,
/en/fun_with_dick_and_jane_2005,Dean Parisot,2005-12-21,Fun with Dick and Jane,Crime Fiction,Comedy,,,,,,,,,,,,,,,,
/en/funny_ha_ha,Andrew Bujalski,,Funny Ha Ha,Indie film,Romantic comedy,Romance Film,Mumblecore,Comedy-drama,,Comedy of manners,Comedy,,,,,,,,,,
/en/g-sale,Randy Nargi,2005-11-15,G-Sale,Mockumentary,Comedy of manners,Comedy,,,,,,,,,,,,,,,
/en/gabrielle_2006,Patrice Chéreau,2005-09-05,Gabrielle,Romance Film,Drama,,,,,,,,,,,,,,,,
/en/gagamboy,Erik Matti,2004-01-01,Gagamboy,Action Film,Science Fiction,Comedy,Fantasy,,,,,,,,,,,,,,
/en/gallipoli_2005,Tolga Örnek,2005-03-18,Gallipoli,Documentary film,War film,,,,,,,,,,,,,,,,
/en/game_6_2006,Michael Hoffman,2006-03-10,Game 6,Indie film,Sports,Comedy-drama,Drama,,,,,,,,,,,,,,
/en/game_over_2003,Jason Bourque,2003-06-23,Maximum Surge,Science Fiction,,,,,,,,,,,,,,,,,
/en/gamma_squad,Nathaniel Barker,2004-06-14,Expendable,Indie film,Short Film,War film,,,Eliot Lash,,,,,,,,,,,,
/en/gangotri_2003,Kovelamudi Raghavendra Rao,2003-03-28,Gangotri,Romance Film,Drama,Tollywood,World cinema,,,,,,,,,,,,,,
/en/gangs_of_new_york,Martin Scorsese,2002-12-09,Gangs of New York,Crime Fiction,Historical drama,Drama,,,,,,,,,,,,,,,
/en/gangster_2006,Anurag Basu,2006-04-28,Gangster,Thriller,Romance Film,Mystery,World cinema,Crime Fiction,,Bollywood,Drama,,,,,,,,,,
/en/gangster_no_1,Paul McGuigan,2000-06-09,Gangster No. 1,Thriller,Crime Fiction,Historical period drama,Action Film,Crime Thriller,,Action/Adventure,Gangster Film,Drama,,,,,,,,,
/en/garam_masala_2005,Priyadarshan,2005-11-02,Garam Masala,Comedy,,,,,,,,,,,,,,,,,
/en/garcon_stupide,Lionel Baier,2004-03-10,Garçon stupide,LGBT,World cinema,Gay,Gay Interest,Gay Themed,,Coming of age,Comedy,Drama,,,,,,,,,
/en/garden_state,Zach Braff,2004-01-16,Garden State,Romantic comedy,Coming of age,Romance Film,Comedy-drama,Comedy,,Drama,,,,,,,,,,,
/en/garfield_2004,Peter Hewitt,2004-06-06,Garfield: The Movie,Slapstick,Animation,Family,Comedy,,,,,,,,,,,,,,
/en/garfield_a_tail_of_two_kitties,Tim Hill,2006-06-15,Garfield: A Tail of Two Kitties,Family,Animal Picture,Children's/Family,Family-Oriented Adventure,Comedy,,,,,,,,,,,,,
/en/gene-x,Martin Simpson,,Gene-X,Thriller,Romance Film,,,,,,,,,,,,,,,,
/en/george_of_the_jungle_2,David Grossman,2003-08-18,George of the Jungle 2,Parody,Slapstick,Family,Jungle Film,Comedy,,,,,,,,,,,,,
/en/george_washington_2000,David Gordon Green,2000-09-29,George Washington,Coming of age,Indie film,Drama,,,,,,,,,,,,,,,
/en/georgia_rule,Garry Marshall,2007-05-10,Georgia Rule,Comedy-drama,Romance Film,Melodrama,Comedy,Drama,,,,,,,,,,,,,
/en/gerry,Gus Van Sant,2003-02-14,Gerry,Indie film,Adventure Film,Mystery,Avant-garde,Experimental film,,Buddy film,Drama,,,,,,,,,,
/en/get_a_clue,Maggie Greenwald Mansfield,2002-06-28,Get a Clue,Mystery,Comedy,,,,,,,,,,,,,,,,
/en/get_over_it,Tommy O'Haver,2001-03-09,Get Over It,Musical,Romantic comedy,Teen film,Romance Film,School story,,Farce,Gay,Gay Interest,Gay Themed,Sex comedy,Musical comedy,,,,,,Comedy
/en/get_rich_or_die_tryin,Jim Sheridan,2005-11-09,Get Rich or Die Tryin',Coming of age,Crime Fiction,Hip hop film,Action Film,Biographical film,,Musical Drama,Drama,,,,,,,,,,
/en/get_up,Kazuyuki Izutsu,,Get Up!,Musical,Action Film,Japanese Movies,Musical Drama,Musical comedy,,Comedy,Drama,,,,,,,,,,
/en/getting_my_brother_laid,Sven Taddicken,,Getting My Brother Laid,Romantic comedy,Romance Film,Comedy,Drama,,,,,,,,,,,,,,
/en/getting_there,Steve Purcell,2002-06-11,Getting There: Sweet 16 and Licensed to Drive,Family,Teen film,Comedy,,,,,,,,,,,,,,,
/en/ghajini,A.R. Murugadoss,2005-09-29,Ghajini,Thriller,Action Film,Mystery,Romance Film,Drama,,,,,,,,,,,,,
/en/gharshana,Gautham Menon,2004-07-30,Gharshana,Mystery,Crime Fiction,Romance Film,Action Film,Tollywood,,World cinema,Drama,,,,,,,,,,
/en/ghilli,Dharani,2004-04-17,Ghilli,Sports,Action Film,Romance Film,Comedy,,,,,,,,,,,,,,
/en/ghost_game_2006,Joe Knee,2005-09-01,Ghost Game,Horror comedy,,,,,,,,,,,,,,,,,
/en/ghost_house,Kim Sang-jin,2004-09-17,Ghost House,Horror,Horror comedy,Comedy,East Asian cinema,World cinema,,,,,,,,,,,,,
/en/ghost_in_the_shell_2_innocence,Mamoru Oshii,2004-03-06,Ghost in the Shell 2: Innocence,Science Fiction,Anime,Action Film,Animation,Thriller,,Drama,,,,,,,,,,,
/en/s_a_c_solid_state_society,Kenji Kamiyama,2006-09-01,Ghost in the Shell: Solid State Society,Anime,Science Fiction,Action Film,Animation,Thriller,,Adventure Film,Fantasy,,,,,,,,,,
/en/ghost_lake,Jay Woelfel,2005-05-17,Ghost Lake,Horror,Zombie Film,,,,,,,,,,,,,,,,
/en/ghost_rider_2007,Mark Steven Johnson,2007-01-15,Ghost Rider,Adventure Film,Thriller,Fantasy,Superhero movie,Horror,,Drama,,,,,,,,,,,
/en/ghost_ship_2002,Steve Beck,2002-10-22,Ghost Ship,Horror,Supernatural,Slasher,,,,,,,,,,,,,,,
/en/ghost_world_2001,Terry Zwigoff,2001-06-16,Ghost World,Indie film,Comedy-drama,,,,,,,,,,,,,,,,
/en/ghosts_of_mars,John Carpenter,2001-08-24,Ghosts of Mars,Adventure Film,Science Fiction,Horror,Supernatural,Action Film,,Thriller,Space Western,,,,,,,,,,
/m/06ry42,Ted Geoghegan,2004-10-28,The International Playboys' First Movie: Ghouls Gone Wild!,Short Film,Musical,,,,,,,,,,,,,,,,
/en/gie,Riri Riza,2005-07-14,Gie,Biographical film,Political drama,Drama,,,,,,,,,,,,,,,
/en/gigantic_2003,A. J. Schnack,2003-03-10,Gigantic (A Tale of Two Johns),Indie film,Documentary film,,,,,,,,,,,,,,,,
/en/gigli,Martin Brest,2003-07-27,Gigli,Crime Thriller,Romance Film,Romantic comedy,Crime Fiction,Comedy,,,,,,,,,,,,,
/en/ginger_snaps,John Fawcett,2000-09-10,Ginger Snaps,Teen film,Horror,Cult film,,,,,,,,,,,,,,,
/en/ginger_snaps_2_unleashed,Brett Sullivan,2004-01-30,Ginger Snaps 2: Unleashed,Thriller,Horror,Teen film,Creature Film,Feminist Film,,Horror comedy,Comedy,,,,,,,,,,
/en/girlfight,Karyn Kusama,2000-01-22,Girlfight,Teen film,Sports,Coming-of-age story,Drama,,,,,,,,,,,,,,
/en/gladiator_2000,Ridley Scott,2000-05-01,Gladiator,Historical drama,Epic film,Action Film,Adventure Film,Drama,,,,,,,,,,,,,
/en/glastonbury_2006,Julien Temple,2006-04-14,Glastonbury,Documentary film,Music,Concert film,Biographical film,,,,,,,,,,,,,,
/en/glastonbury_anthems,Gavin Taylor,,Glastonbury Anthems,Documentary film,Music,Concert film,,,Declan Lowney,,,,,,,Janet Fraser-Crook,Phil Heyes,,,,
/en/glitter_2001,Vondie Curtis-Hall,2001-09-21,Glitter,Musical,Romance Film,Musical Drama,Drama,,,,,,,,,,,,,,
/en/global_heresy,Sidney J. Furie,2002-09-03,Global Heresy,Comedy,,,,,,,,,,,,,,,,,
/en/glory_road_2006,James Gartner,2006-01-13,Glory Road,Sports,Historical period drama,Docudrama,Drama,,,,,,,,,,,,,,
/en/go_figure_2005,Francine McDougall,2005-06-10,Go Figure,Family,Comedy,Drama,,,,,,,,,,,,,,,
/en/goal__2005,Danny Cannon,2005-09-08,Goal!,Sports,Romance Film,Drama,,,,,,,,,,,,,,,
/en/goal_2_living_the_dream,Jaume Collet-Serra,2007-02-09,Goal II: Living the Dream,Sports,Drama,,,,,,,,,,,,,,,,
/en/god_grew_tired_of_us,Christopher Dillon Quinn,2006-09-04,God Grew Tired of Us,Documentary film,Indie film,Historical fiction,,,Tommy Walker,,,,,,,,,,,,
/en/god_on_my_side,Andrew Denton,2006-11-02,God on My Side,Documentary film,Christian film,,,,,,,,,,,,,,,,
/en/godavari,Sekhar Kammula,2006-05-19,Godavari,Romance Film,Drama,Tollywood,World cinema,,,,,,,,,,,,,,
/en/godfather,K. S. Ravikumar,2006-02-24,Varalaru,Action Film,Musical,Romance Film,Tamil cinema,Drama,,Musical Drama,,,,,,,,,,,
/en/godsend,Nick Hamm,2004-04-30,Godsend,Thriller,Science Fiction,Horror,Psychological thriller,Sci-Fi Horror,,Drama,,,,,,,,,,,
/en/godzilla_3d_to_the_max,Keith Melton,2007-09-12,Godzilla 3D to the MAX,Horror,Action Film,Science Fiction,Short Film,,Yoshimitsu Banno,,,,,,,,,,,,
/en/godzilla_against_mechagodzilla,Masaaki Tezuka,2002-12-15,Godzilla Against Mechagodzilla,Monster,Science Fiction,Cult film,World cinema,Action Film,,Creature Film,Japanese Movies,,,,,,,,,,
/en/godzilla_vs_megaguirus,Masaaki Tezuka,2000-11-03,Godzilla vs. Megaguirus,Monster,World cinema,Science Fiction,Cult film,Action Film,,Creature Film,Japanese Movies,,,,,,,,,,
/en/godzilla_tokyo_sos,Masaaki Tezuka,2003-11-03,Godzilla: Tokyo SOS,Monster,Fantasy,World cinema,Action/Adventure,Science Fiction,,Cult film,Japanese Movies,,,,,,,,,,
/wikipedia/fr/Godzilla$002C_Mothra_and_King_Ghidorah$003A_Giant_Monsters_All-Out_Attack,Shusuke Kaneko,2001-11-03,"Godzilla, Mothra and King Ghidorah: Giant Monsters All-Out Attack",Science Fiction,Action Film,Adventure Film,Drama,,,,,,,,,,,,,,
/en/godzilla_final_wars,Ryuhei Kitamura,2004-11-29,Godzilla: Final Wars,Fantasy,Science Fiction,Monster movie,,,,,,,,,,,,,,,
/en/going_the_distance,Mark Griffiths,2004-08-20,Going the Distance,Comedy,,,,,,,,,,,,,,,,,
/en/going_to_the_mat,Stuart Gillard,2004-03-19,Going to the Mat,Family,Sports,Drama,,,,,,,,,,,,,,,
/en/going_upriver,George Butler,2004-09-14,Going Upriver,Documentary film,War film,Political cinema,,,,,,,,,,,,,,,
/en/golmaal,Rohit Shetty,2006-07-14,Golmaal: Fun Unlimited,Musical,Musical comedy,Comedy,,,,,,,,,,,,,,,
/en/gone_in_sixty_seconds,Dominic Sena,2000-06-05,Gone in 60 Seconds,Thriller,Action Film,Crime Fiction,Crime Thriller,Heist film,,Action/Adventure,,,,,,,,,,,
/en/good_bye_lenin,Wolfgang Becker,2003-02-09,"Good bye, Lenin!",Romance Film,Comedy,Drama,Tragicomedy,,,,,,,,,,,,,,
/en/good_luck_chuck,Mark Helfrich,2007-06-13,Good Luck Chuck,Romance Film,Fantasy,Comedy,Drama,,,,,,,,,,,,,,
/en/good_night_and_good_luck,George Clooney,2005-09-01,"Good Night, and Good Luck",Political drama,Historical drama,Docudrama,Biographical film,Historical fiction,,Drama,,,,,,,,,,,
/en/goodbye_dragon_inn,Tsai Ming-liang,2003-12-12,"Goodbye, Dragon Inn",Comedy-drama,Comedy of manners,Comedy,Drama,,,,,,,,,,,,,,
/en/gosford_park,Robert Altman,2001-11-07,Gosford Park,Mystery,Drama,,,,,,,,,,,,,,,,
/en/gothika,Mathieu Kassovitz,2003-11-13,Gothika,Thriller,Horror,Psychological thriller,Supernatural,Crime Thriller,,Mystery,,,,,,,,,,,
/en/gotta_kick_it_up,Ramón Menéndez,,Gotta Kick It Up!,Teen film,Television film,Children's/Family,Family,,,,,,,,,,,,,,
/en/goyas_ghosts,Miloš Forman,2006-11-08,Goya's Ghosts,Biographical film,War film,Drama,,,,,,,,,,,,,,,
/en/gozu,Takashi Miike,2003-07-12,Gozu,Horror,Surrealism,World cinema,Japanese Movies,Horror comedy,,Comedy,,,,,,,,,,,
/en/grande_ecole,Robert Salis,2004-02-04,Grande École,World cinema,LGBT,Romance Film,Gay,Gay Interest,,Gay Themed,Ensemble Film,Erotic Drama,Drama,,,,,,,,
/en/grandmas_boy,Nicholaus Goossen,2006-01-06,Grandma's Boy,Stoner film,Comedy,,,,,,,,,,,,,,,,
/en/grayson_2004,John Fiorella,2004-07-20,Grayson,Indie film,Fan film,Short Film,,,,,,,,,,,,,,,
/en/grbavica_2006,Jasmila Žbanić,2006-02-12,Grbavica: The Land of My Dreams,War film,Art film,Drama,,,,,,,,,,,,,,,
/en/green_street,Lexi Alexander,2005-03-12,Green Street,Sports,Crime Fiction,Drama,,,,,,,,,,,,,,,
/en/green_tea_2003,Zhang Yuan,2003-08-18,Green Tea,Romance Film,Drama,,,,,,,,,,,,,,,,
/en/greenfingers,Joel Hershman,2001-09-14,Greenfingers,Comedy-drama,Prison film,Comedy,Drama,,,,,,,,,,,,,,
/en/gridiron_gang,Phil Joanou,2006-09-15,Gridiron Gang,Sports,Crime Fiction,Drama,,,,,,,,,,,,,,,
/en/grill_point,Andreas Dresen,2002-02-12,Grill Point,Drama,Comedy,Tragicomedy,Comedy-drama,,,,,,,,,,,,,,
/en/grilled,Jason Ensler,2006-07-11,Grilled,Black comedy,Buddy film,Workplace Comedy,Comedy,,,,,,,,,,,,,,
/en/grind_house,Robert Rodriguez,2007-04-06,Grindhouse,Slasher,Thriller,Action Film,Horror,Zombie Film,Quentin Tarantino,,,,,,,Eli Roth,Edgar Wright,Rob Zombie,Jason Eisener,,
/en/grizzly_falls,Stewart Raffill,2004-06-28,Grizzly Falls,Adventure Film,Animal Picture,Family-Oriented Adventure,Family,Drama,,,,,,,,,,,,,
/en/grizzly_man,Werner Herzog,2005-01-24,Grizzly Man,Documentary film,Biographical film,,,,,,,,,,,,,,,,
/en/grodmin,Jim Horwitz,,GRODMIN,Avant-garde,Experimental film,Drama,,,,,,,,,,,,,,,
/en/gudumba_shankar,Veera Shankar,2004-09-09,Gudumba Shankar,Action Film,Drama,Tollywood,World cinema,,,,,,,,,,,,,,
/en/che_part_two,Steven Soderbergh,2008-05-21,Che: Part Two,Biographical film,War film,Historical drama,Drama,,,,,,,,,,,,,,
/en/guess_who_2005,Kevin Rodney Sullivan,2005-03-25,Guess Who,Romance Film,Romantic comedy,Comedy of manners,Domestic Comedy,Comedy,,,,,,,,,,,,,
/en/gunner_palace,Michael Tucker,2005-03-04,Gunner Palace,Documentary film,Indie film,War film,,,Petra Epperlein,,,,,,,,,,,,
/en/guru_2007,Mani Ratnam,2007-01-12,Guru,Biographical film,Musical,Romance Film,Drama,Musical Drama,,,,,,,,,,,,,
/en/primeval_2007,Michael Katleman,2007-01-12,Primeval,Thriller,Horror,Natural horror film,Action/Adventure,Action Film,,,,,,,,,,,,,
/en/gypsy_83,Todd Stephens,,Gypsy 83,Coming of age,LGBT,Black comedy,Indie film,Comedy-drama,,Road movie,Comedy,Drama,,,,,,,,,
/en/h_2002,Jong-hyuk Lee,2002-12-27,H,Thriller,Horror,Drama,Mystery,Crime Fiction,,East Asian cinema,World cinema,,,,,,,,,,
/en/h_g_wells_the_war_of_the_worlds,Timothy Hines,2005-06-14,H. G. Wells' The War of the Worlds,Indie film,Steampunk,Science Fiction,Thriller,,,,,,,,,,,,,,
/en/h_g_wells_war_of_the_worlds,David Michael Latt,2005-06-28,H. G. Wells' War of the Worlds,Indie film,Science Fiction,Thriller,Film adaptation,Action Film,,Alien Film,Horror,Mockbuster,Drama,,,,,,,,
/en/hadh_kar_di_aapne,Manoj Agrawal,2000-04-14,Hadh Kar Di Aapne,Romantic comedy,Bollywood,,,,,,,,,,,,,,,,
/en/haggard_the_movie,Bam Margera,2003-06-24,Haggard: The Movie,Indie film,Comedy,,,,,,,,,,,,,,,,
/en/haiku_tunnel,Jacob Kornbluth,,Haiku Tunnel,Black comedy,Indie film,Satire,Workplace Comedy,Comedy,Josh Kornbluth,,,,,,,,,,,,
/en/hairspray,Adam Shankman,2007-07-13,Hairspray,Musical,Romance Film,Comedy,Musical comedy,,,,,,,,,,,,,,
/en/half_nelson,Ryan Fleck,2006-01-23,Half Nelson,Social problem film,Drama,,,,,,,,,,,,,,,,
/en/half_life_2006,Jennifer Phang,,Half-Life,Fantasy,Indie film,Science Fiction,Fantasy Drama,Drama,,,,,,,,,,,,,
/en/halloween_resurrection,Rick Rosenthal,2002-07-12,Halloween Resurrection,Slasher,Horror,Cult film,Teen film,,,,,,,,,,,,,,
/en/halloweentown_high,Mark A.Z. Dippé,2004-10-08,Halloweentown High,Fantasy,Teen film,Fantasy Comedy,Comedy,Family,,,,,,,,,,,,,
/en/halloweentown_ii_kalabars_revenge,Mary Lambert,2001-10-12,Halloweentown II: Kalabar's Revenge,Fantasy,Children's Fantasy,Children's/Family,Family,,,,,,,,,,,,,,
/en/halloweentown_witch_u,David Jackson,2006-10-20,Return to Halloweentown,Family,Children's/Family,Fantasy Comedy,Comedy,,,,,,,,,,,,,,
/en/hamlet_2000,Michael Almereyda,2000-05-12,Hamlet,Thriller,Romance Film,Drama,,,,,,,,,,,,,,,
/en/hana_alice,Shunji Iwai,2004-03-13,Hana and Alice,Romance Film,Romantic comedy,Comedy,Drama,,,,,,,,,,,,,,
/en/hannibal,Ridley Scott,2001-02-09,Hannibal,Thriller,Psychological thriller,Horror,Action Film,Mystery,,Crime Thriller,Drama,,,,,,,,,,
/en/hans_och_hennes,Daniel Lind Lagerlöf,2001-01-29,Making Babies,Drama,,,,,,,,,,,,,,,,,
/en/hanuman_2005,V.G. Samant,2005-10-21,Hanuman,Animation,Bollywood,World cinema,,,Milind Ukey,,,,,,,,,,,,
/en/hanuman_junction,M.Raja,2001-12-21,Hanuman Junction,Action Film,Comedy,Drama,Tollywood,World cinema,,,,,,,,,,,,,
/en/happily_never_after,Paul J. Bolger,2006-12-16,Happily N'Ever After,Fantasy,Animation,Family,Comedy,Adventure Film,Yvette Kaplan,,,,,,,,,,,,
/en/happy_2006,A. Karunakaran,2006-01-27,Happy,Romance Film,Musical,Comedy,Drama,Musical comedy,,Musical Drama,,,,,,,,,,,
/en/happy_endings,Don Roos,2005-01-20,Happy Endings,LGBT,Music,Thriller,Romantic comedy,Indie film,,Romance Film,Comedy,Drama,,,,,,,,,
/en/happy_ero_christmas,Lee Geon-dong,2003-12-17,Happy Ero Christmas,Romance Film,Comedy,East Asian cinema,World cinema,,,,,,,,,,,,,,
/en/happy_feet,George Miller,2006-11-16,Happy Feet,Family,Animation,Comedy,Music,Musical,Warren Coleman,Musical comedy,,,,,,Judy Morris,,,,,
/wikipedia/en_title/I_Love_New_Year,Radhika Rao,2013-12-30,I Love New Year,Caper story,Crime Fiction,Romantic comedy,Romance Film,Bollywood,Vinay Sapru,World cinema,,,,,,,,,,,
/en/har_dil_jo_pyar_karega,Raj Kanwar,2000-07-24,Har Dil Jo Pyar Karega,Musical,Romance Film,World cinema,Musical Drama,Drama,,,,,,,,,,,,,
/en/hard_candy,David Slade,,Hard Candy,Psychological thriller,Thriller,Suspense,Indie film,Erotic thriller,,Drama,,,,,,,,,,,
/en/hard_luck,Mario Van Peebles,2006-10-17,Hard Luck,Thriller,Crime Fiction,Action/Adventure,Action Film,Drama,,,,,,,,,,,,,
/en/hardball,Brian Robbins,2001-09-14,Hardball,Sports,Drama,,,,,,,,,,,,,,,,
/en/harold_kumar_go_to_white_castle,Danny Leiner,2004-05-20,Harold &amp; Kumar Go to White Castle,Stoner film,Buddy film,Adventure Film,Comedy,,,,,,,,,,,,,,
/en/harry_potter_and_the_chamber_of_secrets_2002,Chris Columbus,2002-11-03,Harry Potter and the Chamber of Secrets,Adventure Film,Family,Fantasy,Mystery,,,,,,,,,,,,,,
/en/harry_potter_and_the_goblet_of_fire_2005,Mike Newell,2005-11-06,Harry Potter and the Goblet of Fire,Family,Fantasy,Adventure Film,Thriller,Science Fiction,,Supernatural,Mystery,Children's Fantasy,Children's/Family,Fantasy Adventure,Fiction,,,,,,
/en/harry_potter_and_the_half_blood_prince_2008,David Yates,2009-07-06,Harry Potter and the Half-Blood Prince,Adventure Film,Fantasy,Mystery,Action Film,Family,,Romance Film,Children's Fantasy,Children's/Family,Fantasy Adventure,Fiction,,,,,,,
/en/harry_potter_and_the_order_of_the_phoenix_2007,David Yates,2007-06-28,Harry Potter and the Order of the Phoenix,Family,Mystery,Adventure Film,Fantasy,Fantasy Adventure,,Fiction,,,,,,,,,,,
